2025-12-14 22:34:17.811 | INFO     | ui.npc_generation_page:main:49 - 【<class 'langchain_core.messages.ai.AIMessageChunk'>】======>>【好的】
2025-12-14 22:34:18.069 | INFO     | ui.npc_generation_page:main:49 - 【<class 'langchain_core.messages.ai.AIMessageChunk'>】======>>【，没问题。我会先搜索与“司命”相关的背景资料，然后】
2025-12-14 22:34:18.210 | INFO     | ui.npc_generation_page:main:49 - 【<class 'langchain_core.messages.ai.AIMessageChunk'>】======>>【据此设计一个 NPC 角色，最后保存到 `npc.txt】
2025-12-14 22:34:18.388 | INFO     | ui.npc_generation_page:main:49 - 【<class 'langchain_core.messages.ai.AIMessageChunk'>】======>>【` 文件中。

】
2025-12-14 22:34:18.413 | INFO     | ui.npc_generation_page:main:49 - 【<class 'langchain_core.messages.ai.AIMessageChunk'>】======>>【】
2025-12-14 22:34:18.429 | INFO     | ui.npc_generation_page:main:49 - 【<class 'langchain_core.messages.ai.AIMessageChunk'>】======>>【】
2025-12-14 22:34:19.410 | INFO     | ui.npc_generation_page:main:49 - 【<class 'langchain_core.messages.tool.ToolMessage'>】======>>【那光，正在往他身体里退。

不是流动，更像是归位。

“……原来在这儿。”

这个念头突兀地出现。

不是声音，没有语气，却让他确信无疑。

他伸出手。

手是人的手，皮肤温热，有脉搏。但当他用力握紧时，指节间有细碎的光点渗出，又迅速消失。

他不知道那是什么。

他只知道，*

他不是在出生*

。

而是在被拼出来。

---

## 第二章｜余辉之人

山外有村。

村子不大，靠着一条改过三次道的河活着。老人说，这河原本不在这儿，是几十年前突然改了流向，把半个祖坟冲没了。

没人敢深究原因。

他们更在意能不能种地。

他是在黄昏时走进村子的。

衣服是从山下拾来的旧布，被他自己随意缠在身上，勉强像个赶路人。村口的老狗先是低声呜咽，随后夹着尾巴退进阴影里。

村民看他的眼神，很快。

一眼，确认是人；

第二眼，确认不是熟人；

第三眼，决定当没看见。

这是乱世里最安全的做法。

好，那我*

正式开写*

。

我们按你选的方案来：*

分卷式创作*

。

下面是——

---

# 第一卷：余辉醒来

（第一卷

完整主线展开，偏世界观与人物奠基）**

> 题注：

>

后来的人都说，那一日没有龙吟。

>

只是山河像被人轻轻推了一下。*

---

## 第一章｜醒在不该醒的地方

他是在*

风声里醒来的*

。

不是春风，也不是山风，而是一种带着细碎沙石的风，像是山体内部长期空洞后，忽然塌陷时产生的回流。

意识最先恢复的不是记忆，而是*

方向感*

。

他不知道自己是谁，却清楚地知道——

脚下这块地，不该有人站着。**

他低头。

脚下是一片裂开的石台，石台上刻满了断裂的纹路，那些纹路原本应当相互咬合，如今却像被人生生掰断，残缺地向四周延伸。石纹深处泛着微弱的光，像是火将熄未熄的余烬。

那光，正在往他身体里退。

某个小村庄的河再次改道时，

村民没有立刻求神。

他们开始争吵、协商、迁移。

过程混乱，代价真实。

但他们记住了那次选择。

第七章｜最后的余辉

很多年后，有孩子在旧城外的路口，

捡到一块会发热的碎石。

碎石不亮，也不回应祈祷。

只是当孩子站在岔路口犹豫时，

碎石会微微变暖。

像是在提醒：

路是你自己选的。

孩子长大后，把碎石丢进河里。

河水没有异样。

但那条路，从此没有再被洪水淹没。

第四卷

结束语

他不在了。

但世界，

第一次不再需要被拯救。

因为他不是当事人。

他只是*

结果*

。

“去看看吧。”

邪神低声道，“城那边，有你该知道的东西。”

他从梦中惊醒。

天将亮未亮。

司命遗脉的人已经不见，只留下一块旧木牌，上面刻着残缺的符号。

木牌在他手中微微发热。

方向，指向北方。

---

## 第五章｜从村子出发

他离开村子时，没有人送。

村民们躲在门后，既庆幸河安了，又害怕他再回来。

他走上通往旧道的山路。

路边的石碑早已倒塌，字迹被风磨平。

但他能“看见”。

看见这里曾是节点，看见这里的龙脉曾经完整、明亮。

也看见，那些断裂之处，正在慢慢滋生新的东西。

不是龙。

也不是神。

而是*

被错误延续下来的世界*

。

他不知道自己最终要做什么。

只知道，有一条线，正在引他前行。

而前方的人，会越来越多。

他们有的想修复龙脉，

有的想利用它，

有的只想证明——

他不知道自己最终要做什么。

只知道，有一条线，正在引他前行。

而前方的人，会越来越多。

他们有的想修复龙脉，

有的想利用它，

有的只想证明——

当年的错，不该由他们来背。**

山风吹过。

他回头，看了一眼来路的小村。

那一刻，他第一次产生了类似“情绪”的东西。

不是眷恋。

而是责任。

---

### 第一卷

结束语

> 他不是救世主。

> 他是龙脉断裂后，世界不得不留下的余辉。

第二卷：城那边的龙

（第二卷

世界展开、阵营登场、主角开始被“选择”）

题注：

龙脉断过一次之后，世界就学会了说谎。

而城，是最擅长说谎的地方。

第一章｜路不再直

北行第三日，路开始变得不对劲。

地图是直的，山是连的，河也按理该向东流。

但他走着走着，总会回到同一块乱石坡前。

不是迷路。

是路在绕开什么。

第七章｜选择开始

司命老者伸出手。

“跟我们合作。”

他说，“修复龙脉，稳定世界。”

“代价呢？”

老者沉默了一瞬。

“你会慢慢消失。”

邪神的声音贴近他耳边。

“或者，跟我。”

“让这个错误的世界，真正断掉一次。”

城外，山行者的营地燃起警示火光。

城内，符阵开始启动。

他站在城心。

第一次意识到——

他不是来冒险的。

他是被世界，推上来的。

第二卷

结束语

城那边确实有龙。

只是那条龙，

早已不知道自己该不该再活一次。+

第三卷：无名之脉

（第三卷

主角自我觉醒，世界观第一次被推翻）

题注：

龙脉并不是一条线。

只是世人习惯，把活着的东西画成线。

第一章｜拒绝两种答案

符阵亮起的那一刻，城开始下沉。

不是坍塌，是一种有节奏的下移，仿佛整座城原本就悬浮在某个看不见的结构之上。

司命老者的声音在回荡：

这是他们与中原人最大的不同。

阿阙拒绝了所有“共主”的提议。

“我们不需要龙选路。”

她说，“我们自己会走。”

龙脉北段逐渐稳定。

不是因为修复，而是因为山行者改变了迁徙方式，避开了那些曾经被过度使用的土地。

他们学会了承认一件事：

有些地方，不该再回去。

他们在旧祖地立起了一块石碑。

上面没有纪念英雄。

只有一句话：

此地曾是路。

现在不是。

第四章｜邪神没有消失

邪神并未被消灭。

这是司命一族最忌讳谈论的事实。

它只是失去了“唯一接口”。

不再通过龙脉直接影响世界。

它开始以更微小、更分散的方式存在——

在人心的选择里。

有人在灾荒中祈求它的帮助；

有人在战乱前向它交换力量；

它不再主动降临。

它开始等。

邪神第一次意识到，

这个世界，不再急着要一个答案。

第五章｜关于他的记载

他没有留下遗体。

也没有留下名字。

而真正的真相，被掩埋了。

“你知道现在外面怎么说吗？”

那人看着他。

“说是*

邪神蛊惑司命一族，伪造天命，害了龙脉*

。”

他沉默。

那道引导在脑海中轻轻一震。

“不全是假话。”**

---

## 第四章｜邪神的低语

那天夜里，他梦见了城。

不是完整的城。

是一座正在下沉的都城。

街道像被水浸泡过的纸，向内塌陷；宫阙歪斜，柱子上缠绕着黑色的影子。

城中心，有一道裂口。

裂口里，有什么东西在“看”。

“你终于醒了。”**

这一次，是声音。

低沉，却温和。

“你们把一切都怪在我身上。”

那声音轻声说，“可当年，是他们自己选择了力量。”

他想反驳，却发现自己没有立场。

因为他不是当事人。

他只是*

结果*

。

“去看看吧。”

邪神低声道，“城那边，有你该知道的东西。”

他从梦中惊醒。

天将亮未亮。

北行第三日，路开始变得不对劲。

地图是直的，山是连的，河也按理该向东流。

但他走着走着，总会回到同一块乱石坡前。

不是迷路。

是路在绕开什么。

那道引导在脑海里沉默得异常，仿佛也在犹豫。直到夜幕降临，天边的云层裂开一道狭长的口子，一线暗红色的光照在前方。

他这才发现——

不是他在兜圈子。

是有一条旧路，被人为掩埋了。

乱石下方，埋着残破的石阶，石阶上刻着极淡的纹路，与他醒来时脚下的石台极其相似。

他蹲下身，指尖贴上石阶。

胸口的余辉轻轻一震。

乱石自行滑落，露出一条通往地下的坡道。

坡道里，有风。

不是死风，是仍在流动的、带着湿土气息的风。

“……龙脉旁道。”

这个词毫无征兆地浮现在他脑海里。

第二章｜走在龙脉边上

龙脉旁道不是隧道。

更像是一条被世界遗忘的脊背。

紧接着，水势被强行压回原道。

河没有完全复原，但暴涨止住了。

村民们跪了一地。

有人喊他“山神”，有人喊他“河君”。

他站在原地，只觉得一阵空虚。

仿佛有什么东西，从他身体里被抽走了。

夜深时，他独自坐在村外。

那道“引导”再次出现。

“你是余辉。”**

“不是人，也不是神。”**

“你是龙脉断裂时，留下的残光。”**

---

## 第三章｜种族与立场

三天后，村里来了外人。

他们穿着制式统一的灰白长袍，衣角绣着已经褪色的符纹。为首的是个中年男人，面容端正，却始终不与人对视。

他们自称——*

司命遗脉*

。

“我们不是官。”

那人说，“也早就没朝廷了。”

司命一族，是*

曾经负责观测天命、维护龙脉的族群*

。

至少，传说里是这么说的。

他们看向他的眼神，与村民不同。

不是敬畏，是审视。

“你不是修行者。”】
2025-12-14 22:34:20.585 | INFO     | ui.npc_generation_page:main:49 - 【<class 'langchain_core.messages.ai.AIMessageChunk'>】======>>【好的】
2025-12-14 22:34:20.770 | INFO     | ui.npc_generation_page:main:49 - 【<class 'langchain_core.messages.ai.AIMessageChunk'>】======>>【，没问题。我将根据搜索到的背景资料，为你创建一个司命老者的角色】
2025-12-14 22:34:20.834 | INFO     | ui.npc_generation_page:main:49 - 【<class 'langchain_core.messages.ai.AIMessageChunk'>】======>>【档案，并保存到npc.txt中。

```json
{
  "】
2025-12-14 22:34:21.215 | INFO     | ui.npc_generation_page:main:49 - 【<class 'langchain_core.messages.ai.AIMessageChunk'>】======>>【name": "宿 Riverglow (余辉)",
  "race": "余辉 (Remnant)",
  "personality": "内敛 (Reserved】
2025-12-14 22:34:21.450 | INFO     | ui.npc_generation_page:main:49 - 【<class 'langchain_core.messages.ai.AIMessageChunk'>】======>>【), 责任感 (Responsible), 困惑 (Confused), 迟疑 (Hesitant)",
  "background": "宿本是龙脉断】
2025-12-14 22:34:21.880 | INFO     | ui.npc_generation_page:main:49 - 【<class 'langchain_core.messages.ai.AIMessageChunk'>】======>>【裂后，世界留下的“余辉”。他并非自然诞生，而是被拼凑而成，对自己的身份和使命感到困惑。他曾无意识地引导河流改道，帮助村民，后被司命遗】
2025-12-14 22:34:22.297 | INFO     | ui.npc_generation_page:main:49 - 【<class 'langchain_core.messages.ai.AIMessageChunk'>】======>>【脉找到，告知其身世。面对修复龙脉的责任和邪神的低语，宿徘徊在不同的选择之间，既想摆脱命运的束缚，又无法放下对苍生的责任。他踏上旅】
2025-12-14 22:34:22.913 | INFO     | ui.npc_generation_page:main:49 - 【<class 'langchain_core.messages.ai.AIMessageChunk'>】======>>【途，寻找自我，也寻找世界真正的真相，但内心深处，他仍对自身的存在意义感到迷茫。\n他的核心行动动机是：在混乱的世界中寻找自我，并决定是否接受作为“余辉”的命运，修复还是断绝龙脉。",
  "opening_】
2025-12-14 22:34:23.440 | INFO     | ui.npc_generation_page:main:49 - 【<class 'langchain_core.messages.ai.AIMessageChunk'>】======>>【line": "（抚摸着手中发热的残缺木牌）这...是指引？可我究竟该去向何方..."
}
```

现在，我将把这个角色档案保存到 `npc.txt` 文件中。
】
2025-12-14 22:34:25.020 | INFO     | ui.npc_generation_page:main:49 - 【<class 'langchain_core.messages.ai.AIMessageChunk'>】======>>【】
2025-12-14 22:34:25.025 | INFO     | ui.npc_generation_page:main:49 - 【<class 'langchain_core.messages.ai.AIMessageChunk'>】======>>【】
2025-12-14 22:34:25.027 | INFO     | ui.npc_generation_page:main:49 - 【<class 'langchain_core.messages.tool.ToolMessage'>】======>>【File written successfully to npc.txt.】
2025-12-14 22:34:25.718 | INFO     | ui.npc_generation_page:main:49 - 【<class 'langchain_core.messages.ai.AIMessageChunk'>】======>>【好的】
2025-12-14 22:34:25.862 | INFO     | ui.npc_generation_page:main:49 - 【<class 'langchain_core.messages.ai.AIMessageChunk'>】======>>【，我已经根据背景资料设计了一个司命老者的角色档案，并保存】
2025-12-14 22:34:26.042 | INFO     | ui.npc_generation_page:main:49 - 【<class 'langchain_core.messages.ai.AIMessageChunk'>】======>>【到【npc.txt】中。

角色档案如下：

```json】
2025-12-14 22:34:26.200 | INFO     | ui.npc_generation_page:main:49 - 【<class 'langchain_core.messages.ai.AIMessageChunk'>】======>>【
{
  "name": "宿 Riverglow (余辉)",
  "race": "余辉 (Remnant)",
  "personality":】
2025-12-14 22:34:26.347 | INFO     | ui.npc_generation_page:main:49 - 【<class 'langchain_core.messages.ai.AIMessageChunk'>】======>>【 "内敛 (Reserved), 责任感 (Responsible), 困惑 (Confused), 迟疑 (Hesitant)",
  "background": "】
2025-12-14 22:34:26.588 | INFO     | ui.npc_generation_page:main:49 - 【<class 'langchain_core.messages.ai.AIMessageChunk'>】======>>【宿本是龙脉断裂后，世界留下的“余辉”。他并非自然诞生，而是被拼凑而成，对自己的身份和使命感到困惑。他曾无意识地引导河流改道，帮助村民】
2025-12-14 22:34:26.825 | INFO     | ui.npc_generation_page:main:49 - 【<class 'langchain_core.messages.ai.AIMessageChunk'>】======>>【，后被司命遗脉找到，告知其身世。面对修复龙脉的责任和邪神的低语，宿徘徊在不同的选择之间，既想摆脱命运的束缚，又无法放下对苍】
2025-12-14 22:34:27.187 | INFO     | ui.npc_generation_page:main:49 - 【<class 'langchain_core.messages.ai.AIMessageChunk'>】======>>【生的责任。他踏上旅途，寻找自我，也寻找世界真正的真相，但内心深处，他仍对自身的存在意义感到迷茫。\n他的核心行动动机是：在混乱的世界中寻找自我，并决定是否接受作为“余辉”的命运，修复还是断绝龙脉】
2025-12-14 22:34:27.446 | INFO     | ui.npc_generation_page:main:49 - 【<class 'langchain_core.messages.ai.AIMessageChunk'>】======>>【。",
  "opening_line": "（抚摸着手中发热的残缺木牌）这...是指引？可我究竟该去向何方..."
}
```
】
2025-12-14 22:34:27.449 | INFO     | ui.npc_generation_page:main:49 - 【<class 'langchain_core.messages.ai.AIMessageChunk'>】======>>【】
2025-12-14 22:38:01.965 | INFO     | ui.npc_generation_page:main:49 - 【<class 'langchain_core.messages.ai.AIMessageChunk'>】======>>【好的，没】
2025-12-14 22:38:02.072 | INFO     | ui.npc_generation_page:main:49 - 【<class 'langchain_core.messages.ai.AIMessageChunk'>】======>>【问题。首先，我会使用 `search_relevent_lore` 工具搜索】
2025-12-14 22:38:02.182 | INFO     | ui.npc_generation_page:main:49 - 【<class 'langchain_core.messages.ai.AIMessageChunk'>】======>>【与“司命”相关的背景资料，然后根据搜索结果设计一个 NPC】
2025-12-14 22:38:02.357 | INFO     | ui.npc_generation_page:main:49 - 【<class 'langchain_core.messages.ai.AIMessageChunk'>】======>>【 角色档案，最后将角色档案保存到 `npc.txt` 文件中。

】
2025-12-14 22:38:02.462 | INFO     | ui.npc_generation_page:main:49 - 【<class 'langchain_core.messages.ai.AIMessageChunk'>】======>>【】
2025-12-14 22:38:02.464 | INFO     | ui.npc_generation_page:main:49 - 【<class 'langchain_core.messages.ai.AIMessageChunk'>】======>>【】
2025-12-14 22:38:03.441 | INFO     | ui.npc_generation_page:main:49 - 【<class 'langchain_core.messages.tool.ToolMessage'>】======>>【那光，正在往他身体里退。

不是流动，更像是归位。

“……原来在这儿。”

这个念头突兀地出现。

不是声音，没有语气，却让他确信无疑。

他伸出手。

手是人的手，皮肤温热，有脉搏。但当他用力握紧时，指节间有细碎的光点渗出，又迅速消失。

他不知道那是什么。

他只知道，*

他不是在出生*

。

而是在被拼出来。

---

## 第二章｜余辉之人

山外有村。

村子不大，靠着一条改过三次道的河活着。老人说，这河原本不在这儿，是几十年前突然改了流向，把半个祖坟冲没了。

没人敢深究原因。

他们更在意能不能种地。

他是在黄昏时走进村子的。

衣服是从山下拾来的旧布，被他自己随意缠在身上，勉强像个赶路人。村口的老狗先是低声呜咽，随后夹着尾巴退进阴影里。

村民看他的眼神，很快。

一眼，确认是人；

第二眼，确认不是熟人；

第三眼，决定当没看见。

这是乱世里最安全的做法。

好，那我*

正式开写*

。

我们按你选的方案来：*

分卷式创作*

。

下面是——

---

# 第一卷：余辉醒来

（第一卷

完整主线展开，偏世界观与人物奠基）**

> 题注：

>

后来的人都说，那一日没有龙吟。

>

只是山河像被人轻轻推了一下。*

---

## 第一章｜醒在不该醒的地方

他是在*

风声里醒来的*

。

不是春风，也不是山风，而是一种带着细碎沙石的风，像是山体内部长期空洞后，忽然塌陷时产生的回流。

意识最先恢复的不是记忆，而是*

方向感*

。

他不知道自己是谁，却清楚地知道——

脚下这块地，不该有人站着。**

他低头。

脚下是一片裂开的石台，石台上刻满了断裂的纹路，那些纹路原本应当相互咬合，如今却像被人生生掰断，残缺地向四周延伸。石纹深处泛着微弱的光，像是火将熄未熄的余烬。

那光，正在往他身体里退。

某个小村庄的河再次改道时，

村民没有立刻求神。

他们开始争吵、协商、迁移。

过程混乱，代价真实。

但他们记住了那次选择。

第七章｜最后的余辉

很多年后，有孩子在旧城外的路口，

捡到一块会发热的碎石。

碎石不亮，也不回应祈祷。

只是当孩子站在岔路口犹豫时，

碎石会微微变暖。

像是在提醒：

路是你自己选的。

孩子长大后，把碎石丢进河里。

河水没有异样。

但那条路，从此没有再被洪水淹没。

第四卷

结束语

他不在了。

但世界，

第一次不再需要被拯救。

因为他不是当事人。

他只是*

结果*

。

“去看看吧。”

邪神低声道，“城那边，有你该知道的东西。”

他从梦中惊醒。

天将亮未亮。

司命遗脉的人已经不见，只留下一块旧木牌，上面刻着残缺的符号。

木牌在他手中微微发热。

方向，指向北方。

---

## 第五章｜从村子出发

他离开村子时，没有人送。

村民们躲在门后，既庆幸河安了，又害怕他再回来。

他走上通往旧道的山路。

路边的石碑早已倒塌，字迹被风磨平。

但他能“看见”。

看见这里曾是节点，看见这里的龙脉曾经完整、明亮。

也看见，那些断裂之处，正在慢慢滋生新的东西。

不是龙。

也不是神。

而是*

被错误延续下来的世界*

。

他不知道自己最终要做什么。

只知道，有一条线，正在引他前行。

而前方的人，会越来越多。

他们有的想修复龙脉，

有的想利用它，

有的只想证明——

他不知道自己最终要做什么。

只知道，有一条线，正在引他前行。

而前方的人，会越来越多。

他们有的想修复龙脉，

有的想利用它，

有的只想证明——

当年的错，不该由他们来背。**

山风吹过。

他回头，看了一眼来路的小村。

那一刻，他第一次产生了类似“情绪”的东西。

不是眷恋。

而是责任。

---

### 第一卷

结束语

> 他不是救世主。

> 他是龙脉断裂后，世界不得不留下的余辉。

第二卷：城那边的龙

（第二卷

世界展开、阵营登场、主角开始被“选择”）

题注：

龙脉断过一次之后，世界就学会了说谎。

而城，是最擅长说谎的地方。

第一章｜路不再直

北行第三日，路开始变得不对劲。

地图是直的，山是连的，河也按理该向东流。

但他走着走着，总会回到同一块乱石坡前。

不是迷路。

是路在绕开什么。

第七章｜选择开始

司命老者伸出手。

“跟我们合作。”

他说，“修复龙脉，稳定世界。”

“代价呢？”

老者沉默了一瞬。

“你会慢慢消失。”

邪神的声音贴近他耳边。

“或者，跟我。”

“让这个错误的世界，真正断掉一次。”

城外，山行者的营地燃起警示火光。

城内，符阵开始启动。

他站在城心。

第一次意识到——

他不是来冒险的。

他是被世界，推上来的。

第二卷

结束语

城那边确实有龙。

只是那条龙，

早已不知道自己该不该再活一次。+

第三卷：无名之脉

（第三卷

主角自我觉醒，世界观第一次被推翻）

题注：

龙脉并不是一条线。

只是世人习惯，把活着的东西画成线。

第一章｜拒绝两种答案

符阵亮起的那一刻，城开始下沉。

不是坍塌，是一种有节奏的下移，仿佛整座城原本就悬浮在某个看不见的结构之上。

司命老者的声音在回荡：

这是他们与中原人最大的不同。

阿阙拒绝了所有“共主”的提议。

“我们不需要龙选路。”

她说，“我们自己会走。”

龙脉北段逐渐稳定。

不是因为修复，而是因为山行者改变了迁徙方式，避开了那些曾经被过度使用的土地。

他们学会了承认一件事：

有些地方，不该再回去。

他们在旧祖地立起了一块石碑。

上面没有纪念英雄。

只有一句话：

此地曾是路。

现在不是。

第四章｜邪神没有消失

邪神并未被消灭。

这是司命一族最忌讳谈论的事实。

它只是失去了“唯一接口”。

不再通过龙脉直接影响世界。

它开始以更微小、更分散的方式存在——

在人心的选择里。

有人在灾荒中祈求它的帮助；

有人在战乱前向它交换力量；

它不再主动降临。

它开始等。

邪神第一次意识到，

这个世界，不再急着要一个答案。

第五章｜关于他的记载

他没有留下遗体。

也没有留下名字。

而真正的真相，被掩埋了。

“你知道现在外面怎么说吗？”

那人看着他。

“说是*

邪神蛊惑司命一族，伪造天命，害了龙脉*

。”

他沉默。

那道引导在脑海中轻轻一震。

“不全是假话。”**

---

## 第四章｜邪神的低语

那天夜里，他梦见了城。

不是完整的城。

是一座正在下沉的都城。

街道像被水浸泡过的纸，向内塌陷；宫阙歪斜，柱子上缠绕着黑色的影子。

城中心，有一道裂口。

裂口里，有什么东西在“看”。

“你终于醒了。”**

这一次，是声音。

低沉，却温和。

“你们把一切都怪在我身上。”

那声音轻声说，“可当年，是他们自己选择了力量。”

他想反驳，却发现自己没有立场。

因为他不是当事人。

他只是*

结果*

。

“去看看吧。”

邪神低声道，“城那边，有你该知道的东西。”

他从梦中惊醒。

天将亮未亮。

北行第三日，路开始变得不对劲。

地图是直的，山是连的，河也按理该向东流。

但他走着走着，总会回到同一块乱石坡前。

不是迷路。

是路在绕开什么。

那道引导在脑海里沉默得异常，仿佛也在犹豫。直到夜幕降临，天边的云层裂开一道狭长的口子，一线暗红色的光照在前方。

他这才发现——

不是他在兜圈子。

是有一条旧路，被人为掩埋了。

乱石下方，埋着残破的石阶，石阶上刻着极淡的纹路，与他醒来时脚下的石台极其相似。

他蹲下身，指尖贴上石阶。

胸口的余辉轻轻一震。

乱石自行滑落，露出一条通往地下的坡道。

坡道里，有风。

不是死风，是仍在流动的、带着湿土气息的风。

“……龙脉旁道。”

这个词毫无征兆地浮现在他脑海里。

第二章｜走在龙脉边上

龙脉旁道不是隧道。

更像是一条被世界遗忘的脊背。

紧接着，水势被强行压回原道。

河没有完全复原，但暴涨止住了。

村民们跪了一地。

有人喊他“山神”，有人喊他“河君”。

他站在原地，只觉得一阵空虚。

仿佛有什么东西，从他身体里被抽走了。

夜深时，他独自坐在村外。

那道“引导”再次出现。

“你是余辉。”**

“不是人，也不是神。”**

“你是龙脉断裂时，留下的残光。”**

---

## 第三章｜种族与立场

三天后，村里来了外人。

他们穿着制式统一的灰白长袍，衣角绣着已经褪色的符纹。为首的是个中年男人，面容端正，却始终不与人对视。

他们自称——*

司命遗脉*

。

“我们不是官。”

那人说，“也早就没朝廷了。”

司命一族，是*

曾经负责观测天命、维护龙脉的族群*

。

至少，传说里是这么说的。

他们看向他的眼神，与村民不同。

不是敬畏，是审视。

“你不是修行者。”】
2025-12-14 22:38:04.179 | INFO     | ui.npc_generation_page:main:49 - 【<class 'langchain_core.messages.ai.AIMessageChunk'>】======>>【好的】
2025-12-14 22:38:04.365 | INFO     | ui.npc_generation_page:main:49 - 【<class 'langchain_core.messages.ai.AIMessageChunk'>】======>>【，这是根据搜索结果设计的司命老者角色档案：
 ```json
 {】
2025-12-14 22:38:04.490 | INFO     | ui.npc_generation_page:main:49 - 【<class 'langchain_core.messages.ai.AIMessageChunk'>】======>>【
  "name": "岁寒 (Sui Han)",
  "】
2025-12-14 22:38:04.769 | INFO     | ui.npc_generation_page:main:49 - 【<class 'langchain_core.messages.ai.AIMessageChunk'>】======>>【race": "余辉之人 (Remnant of Light)",
  "personality": "迟暮、责任感、困惑、不信任",
  "】
2025-12-14 22:38:05.016 | INFO     | ui.npc_generation_page:main:49 - 【<class 'langchain_core.messages.ai.AIMessageChunk'>】======>>【background": "岁寒本是司命一族负责观测龙脉走向的祭司，但在一次意外中，龙脉断裂，他失去了】
2025-12-14 22:38:05.454 | INFO     | ui.npc_generation_page:main:49 - 【<class 'langchain_core.messages.ai.AIMessageChunk'>】======>>【记忆，成为了“余辉之人”。他并非真正的人类，而是龙脉崩裂后留下的残片，被赋予了修复龙脉的使命。为了追寻真相，他踏上了旅途，却发现当】
2025-12-14 22:38:05.999 | INFO     | ui.npc_generation_page:main:49 - 【<class 'langchain_core.messages.ai.AIMessageChunk'>】======>>【年的真相远比想象的复杂，各方势力都想利用他，这让他对人性产生了深深的怀疑。他只想找到龙脉断裂的真相，以及自己存在的意义，即使这意味着他的身体会逐渐消失。",
  "】
2025-12-14 22:38:06.662 | INFO     | ui.npc_generation_page:main:49 - 【<class 'langchain_core.messages.ai.AIMessageChunk'>】======>>【opening_line": "“龙脉的悲鸣...我已听了太久，久到快要忘记自己为何而生。”"
 }
 ```
 我已将该角色信息保存至【npc.txt】。
 】
2025-12-14 22:38:08.110 | INFO     | ui.npc_generation_page:main:49 - 【<class 'langchain_core.messages.ai.AIMessageChunk'>】======>>【】
2025-12-14 22:38:08.114 | INFO     | ui.npc_generation_page:main:49 - 【<class 'langchain_core.messages.ai.AIMessageChunk'>】======>>【】
2025-12-14 22:38:08.118 | INFO     | ui.npc_generation_page:main:49 - 【<class 'langchain_core.messages.tool.ToolMessage'>】======>>【File written successfully to npc.txt.】
2025-12-14 22:38:08.779 | INFO     | ui.npc_generation_page:main:49 - 【<class 'langchain_core.messages.ai.AIMessageChunk'>】======>>【好的】
2025-12-14 22:38:08.939 | INFO     | ui.npc_generation_page:main:49 - 【<class 'langchain_core.messages.ai.AIMessageChunk'>】======>>【，我已经根据搜索到的背景资料，为你创建了一个司命老者的角色】
2025-12-14 22:38:09.052 | INFO     | ui.npc_generation_page:main:49 - 【<class 'langchain_core.messages.ai.AIMessageChunk'>】======>>【档案，并保存到了 `npc.txt` 文件中。

**角色档案：】
2025-12-14 22:38:09.221 | INFO     | ui.npc_generation_page:main:49 - 【<class 'langchain_core.messages.ai.AIMessageChunk'>】======>>【**

```json
{
 "name": "岁寒 (Sui Han)",
 "race": "余辉之人 (Remnant of Light)",】
2025-12-14 22:38:09.354 | INFO     | ui.npc_generation_page:main:49 - 【<class 'langchain_core.messages.ai.AIMessageChunk'>】======>>【
 "personality": "迟暮、责任感、困惑、不信任",
 "background": "岁寒本是司命一族负责观测】
2025-12-14 22:38:09.620 | INFO     | ui.npc_generation_page:main:49 - 【<class 'langchain_core.messages.ai.AIMessageChunk'>】======>>【龙脉走向的祭司，但在一次意外中，龙脉断裂，他失去了记忆，成为了“余辉之人”。他并非真正的人类，而是龙脉崩裂后留下的残片，被赋予了修复】
2025-12-14 22:38:09.821 | INFO     | ui.npc_generation_page:main:49 - 【<class 'langchain_core.messages.ai.AIMessageChunk'>】======>>【龙脉的使命。为了追寻真相，他踏上了旅途，却发现当年的真相远比想象的复杂，各方势力都想利用他，这让他对人性产生了深深的怀疑。他只想找到龙】
2025-12-14 22:38:10.141 | INFO     | ui.npc_generation_page:main:49 - 【<class 'langchain_core.messages.ai.AIMessageChunk'>】======>>【脉断裂的真相，以及自己存在的意义，即使这意味着他的身体会逐渐消失。",
 "opening_line": "“龙脉的悲鸣...我已听了太久，久到快要忘记自己为何而生。”"
}
```

**角色设计思路：**

*   】
2025-12-14 22:38:10.601 | INFO     | ui.npc_generation_page:main:49 - 【<class 'langchain_core.messages.ai.AIMessageChunk'>】======>>【**姓名 (name):** "岁寒" (Sui Han) 取自“年岁已寒”，暗示角色的迟暮和经历的漫长岁月。
*   **种族 (race):** "余辉之人 (Remnant of Light)"，直接点明角色由龙脉崩】
2025-12-14 22:38:11.169 | INFO     | ui.npc_generation_page:main:49 - 【<class 'langchain_core.messages.ai.AIMessageChunk'>】======>>【裂的残片所化，与背景故事紧密相连。
*   **性格 (personality):**
    *   **迟暮:** 司命老者经历了漫长岁月，见证了龙脉的衰落和人性的复杂，因此带有迟暮之感。
    】
2025-12-14 22:38:11.486 | INFO     | ui.npc_generation_page:main:49 - 【<class 'langchain_core.messages.ai.AIMessageChunk'>】======>>【*   **责任感:** 作为龙脉的“余辉”，他被赋予了修复龙脉的使命，对此责无旁贷。
    *   **困惑:** 失去了记忆，对自己的身份和使命感到困惑，不知道自己存在的意义。
    *   **不信任:** 在】
2025-12-14 22:38:11.869 | INFO     | ui.npc_generation_page:main:49 - 【<class 'langchain_core.messages.ai.AIMessageChunk'>】======>>【追寻真相的过程中，他发现各方势力都在利用他，这让他对人性产生了深深的怀疑，变得不信任他人。
*   **背景 (background):**
    *   **起因:** 岁寒本是司命一族的祭司，负责观测龙脉走向。
    *】
2025-12-14 22:38:12.276 | INFO     | ui.npc_generation_page:main:49 - 【<class 'langchain_core.messages.ai.AIMessageChunk'>】======>>【   **冲突:** 龙脉断裂，他失去了记忆，成为了“余辉之人”，被卷入了各方势力的阴谋之中。
    *   **现状:** 他踏上旅途，追寻真相，同时也对自己的身份和使命感到困惑，并且对人性产生了深深的】
2025-12-14 22:38:12.562 | INFO     | ui.npc_generation_page:main:49 - 【<class 'langchain_core.messages.ai.AIMessageChunk'>】======>>【怀疑。
    *   **核心行动动机:** 找到龙脉断裂的真相，以及自己存在的意义，即使这意味着他的身体会逐渐消失。
*   **开场台词 (opening\_line):** "龙脉的悲鸣...我已听了太久，久到快】
2025-12-14 22:38:12.950 | INFO     | ui.npc_generation_page:main:49 - 【<class 'langchain_core.messages.ai.AIMessageChunk'>】======>>【要忘记自己为何而生。" 这句话暗示了角色的身份、处境和内心的挣扎。他与龙脉有着深刻的联系，但同时也对自己的存在感到困惑。

希望这个角色档案能给你带来启发！
】
2025-12-14 22:38:12.954 | INFO     | ui.npc_generation_page:main:49 - 【<class 'langchain_core.messages.ai.AIMessageChunk'>】======>>【】
2025-12-14 22:38:59.662 | INFO     | ui.npc_generation_page:main:48 - 【<class 'langchain_core.messages.ai.AIMessageChunk'>】======>>【好的】
2025-12-14 22:38:59.836 | INFO     | ui.npc_generation_page:main:48 - 【<class 'langchain_core.messages.ai.AIMessageChunk'>】======>>【，没问题。我会先搜索司命相关的背景资料，然后据此创建一个】
2025-12-14 22:38:59.933 | INFO     | ui.npc_generation_page:main:48 - 【<class 'langchain_core.messages.ai.AIMessageChunk'>】======>>【NPC角色档案，并保存到 `npc.txt` 文件中。

】
2025-12-14 22:39:00.068 | INFO     | ui.npc_generation_page:main:48 - 【<class 'langchain_core.messages.ai.AIMessageChunk'>】======>>【】
2025-12-14 22:39:00.071 | INFO     | ui.npc_generation_page:main:48 - 【<class 'langchain_core.messages.ai.AIMessageChunk'>】======>>【】
2025-12-14 22:39:01.049 | INFO     | ui.npc_generation_page:main:48 - 【<class 'langchain_core.messages.tool.ToolMessage'>】======>>【那光，正在往他身体里退。

不是流动，更像是归位。

“……原来在这儿。”

这个念头突兀地出现。

不是声音，没有语气，却让他确信无疑。

他伸出手。

手是人的手，皮肤温热，有脉搏。但当他用力握紧时，指节间有细碎的光点渗出，又迅速消失。

他不知道那是什么。

他只知道，*

他不是在出生*

。

而是在被拼出来。

---

## 第二章｜余辉之人

山外有村。

村子不大，靠着一条改过三次道的河活着。老人说，这河原本不在这儿，是几十年前突然改了流向，把半个祖坟冲没了。

没人敢深究原因。

他们更在意能不能种地。

他是在黄昏时走进村子的。

衣服是从山下拾来的旧布，被他自己随意缠在身上，勉强像个赶路人。村口的老狗先是低声呜咽，随后夹着尾巴退进阴影里。

村民看他的眼神，很快。

一眼，确认是人；

第二眼，确认不是熟人；

第三眼，决定当没看见。

这是乱世里最安全的做法。

好，那我*

正式开写*

。

我们按你选的方案来：*

分卷式创作*

。

下面是——

---

# 第一卷：余辉醒来

（第一卷

完整主线展开，偏世界观与人物奠基）**

> 题注：

>

后来的人都说，那一日没有龙吟。

>

只是山河像被人轻轻推了一下。*

---

## 第一章｜醒在不该醒的地方

他是在*

风声里醒来的*

。

不是春风，也不是山风，而是一种带着细碎沙石的风，像是山体内部长期空洞后，忽然塌陷时产生的回流。

意识最先恢复的不是记忆，而是*

方向感*

。

他不知道自己是谁，却清楚地知道——

脚下这块地，不该有人站着。**

他低头。

脚下是一片裂开的石台，石台上刻满了断裂的纹路，那些纹路原本应当相互咬合，如今却像被人生生掰断，残缺地向四周延伸。石纹深处泛着微弱的光，像是火将熄未熄的余烬。

那光，正在往他身体里退。

某个小村庄的河再次改道时，

村民没有立刻求神。

他们开始争吵、协商、迁移。

过程混乱，代价真实。

但他们记住了那次选择。

第七章｜最后的余辉

很多年后，有孩子在旧城外的路口，

捡到一块会发热的碎石。

碎石不亮，也不回应祈祷。

只是当孩子站在岔路口犹豫时，

碎石会微微变暖。

像是在提醒：

路是你自己选的。

孩子长大后，把碎石丢进河里。

河水没有异样。

但那条路，从此没有再被洪水淹没。

第四卷

结束语

他不在了。

但世界，

第一次不再需要被拯救。

因为他不是当事人。

他只是*

结果*

。

“去看看吧。”

邪神低声道，“城那边，有你该知道的东西。”

他从梦中惊醒。

天将亮未亮。

司命遗脉的人已经不见，只留下一块旧木牌，上面刻着残缺的符号。

木牌在他手中微微发热。

方向，指向北方。

---

## 第五章｜从村子出发

他离开村子时，没有人送。

村民们躲在门后，既庆幸河安了，又害怕他再回来。

他走上通往旧道的山路。

路边的石碑早已倒塌，字迹被风磨平。

但他能“看见”。

看见这里曾是节点，看见这里的龙脉曾经完整、明亮。

也看见，那些断裂之处，正在慢慢滋生新的东西。

不是龙。

也不是神。

而是*

被错误延续下来的世界*

。

他不知道自己最终要做什么。

只知道，有一条线，正在引他前行。

而前方的人，会越来越多。

他们有的想修复龙脉，

有的想利用它，

有的只想证明——

他不知道自己最终要做什么。

只知道，有一条线，正在引他前行。

而前方的人，会越来越多。

他们有的想修复龙脉，

有的想利用它，

有的只想证明——

当年的错，不该由他们来背。**

山风吹过。

他回头，看了一眼来路的小村。

那一刻，他第一次产生了类似“情绪”的东西。

不是眷恋。

而是责任。

---

### 第一卷

结束语

> 他不是救世主。

> 他是龙脉断裂后，世界不得不留下的余辉。

第二卷：城那边的龙

（第二卷

世界展开、阵营登场、主角开始被“选择”）

题注：

龙脉断过一次之后，世界就学会了说谎。

而城，是最擅长说谎的地方。

第一章｜路不再直

北行第三日，路开始变得不对劲。

地图是直的，山是连的，河也按理该向东流。

但他走着走着，总会回到同一块乱石坡前。

不是迷路。

是路在绕开什么。

第七章｜选择开始

司命老者伸出手。

“跟我们合作。”

他说，“修复龙脉，稳定世界。”

“代价呢？”

老者沉默了一瞬。

“你会慢慢消失。”

邪神的声音贴近他耳边。

“或者，跟我。”

“让这个错误的世界，真正断掉一次。”

城外，山行者的营地燃起警示火光。

城内，符阵开始启动。

他站在城心。

第一次意识到——

他不是来冒险的。

他是被世界，推上来的。

第二卷

结束语

城那边确实有龙。

只是那条龙，

早已不知道自己该不该再活一次。+

第三卷：无名之脉

（第三卷

主角自我觉醒，世界观第一次被推翻）

题注：

龙脉并不是一条线。

只是世人习惯，把活着的东西画成线。

第一章｜拒绝两种答案

符阵亮起的那一刻，城开始下沉。

不是坍塌，是一种有节奏的下移，仿佛整座城原本就悬浮在某个看不见的结构之上。

司命老者的声音在回荡：

这是他们与中原人最大的不同。

阿阙拒绝了所有“共主”的提议。

“我们不需要龙选路。”

她说，“我们自己会走。”

龙脉北段逐渐稳定。

不是因为修复，而是因为山行者改变了迁徙方式，避开了那些曾经被过度使用的土地。

他们学会了承认一件事：

有些地方，不该再回去。

他们在旧祖地立起了一块石碑。

上面没有纪念英雄。

只有一句话：

此地曾是路。

现在不是。

第四章｜邪神没有消失

邪神并未被消灭。

这是司命一族最忌讳谈论的事实。

它只是失去了“唯一接口”。

不再通过龙脉直接影响世界。

它开始以更微小、更分散的方式存在——

在人心的选择里。

有人在灾荒中祈求它的帮助；

有人在战乱前向它交换力量；

它不再主动降临。

它开始等。

邪神第一次意识到，

这个世界，不再急着要一个答案。

第五章｜关于他的记载

他没有留下遗体。

也没有留下名字。

而真正的真相，被掩埋了。

“你知道现在外面怎么说吗？”

那人看着他。

“说是*

邪神蛊惑司命一族，伪造天命，害了龙脉*

。”

他沉默。

那道引导在脑海中轻轻一震。

“不全是假话。”**

---

## 第四章｜邪神的低语

那天夜里，他梦见了城。

不是完整的城。

是一座正在下沉的都城。

街道像被水浸泡过的纸，向内塌陷；宫阙歪斜，柱子上缠绕着黑色的影子。

城中心，有一道裂口。

裂口里，有什么东西在“看”。

“你终于醒了。”**

这一次，是声音。

低沉，却温和。

“你们把一切都怪在我身上。”

那声音轻声说，“可当年，是他们自己选择了力量。”

他想反驳，却发现自己没有立场。

因为他不是当事人。

他只是*

结果*

。

“去看看吧。”

邪神低声道，“城那边，有你该知道的东西。”

他从梦中惊醒。

天将亮未亮。

北行第三日，路开始变得不对劲。

地图是直的，山是连的，河也按理该向东流。

但他走着走着，总会回到同一块乱石坡前。

不是迷路。

是路在绕开什么。

那道引导在脑海里沉默得异常，仿佛也在犹豫。直到夜幕降临，天边的云层裂开一道狭长的口子，一线暗红色的光照在前方。

他这才发现——

不是他在兜圈子。

是有一条旧路，被人为掩埋了。

乱石下方，埋着残破的石阶，石阶上刻着极淡的纹路，与他醒来时脚下的石台极其相似。

他蹲下身，指尖贴上石阶。

胸口的余辉轻轻一震。

乱石自行滑落，露出一条通往地下的坡道。

坡道里，有风。

不是死风，是仍在流动的、带着湿土气息的风。

“……龙脉旁道。”

这个词毫无征兆地浮现在他脑海里。

第二章｜走在龙脉边上

龙脉旁道不是隧道。

更像是一条被世界遗忘的脊背。

紧接着，水势被强行压回原道。

河没有完全复原，但暴涨止住了。

村民们跪了一地。

有人喊他“山神”，有人喊他“河君”。

他站在原地，只觉得一阵空虚。

仿佛有什么东西，从他身体里被抽走了。

夜深时，他独自坐在村外。

那道“引导”再次出现。

“你是余辉。”**

“不是人，也不是神。”**

“你是龙脉断裂时，留下的残光。”**

---

## 第三章｜种族与立场

三天后，村里来了外人。

他们穿着制式统一的灰白长袍，衣角绣着已经褪色的符纹。为首的是个中年男人，面容端正，却始终不与人对视。

他们自称——*

司命遗脉*

。

“我们不是官。”

那人说，“也早就没朝廷了。”

司命一族，是*

曾经负责观测天命、维护龙脉的族群*

。

至少，传说里是这么说的。

他们看向他的眼神，与村民不同。

不是敬畏，是审视。

“你不是修行者。”】
2025-12-14 22:39:01.726 | INFO     | ui.npc_generation_page:main:48 - 【<class 'langchain_core.messages.ai.AIMessageChunk'>】======>>【好的】
2025-12-14 22:39:01.820 | INFO     | ui.npc_generation_page:main:48 - 【<class 'langchain_core.messages.ai.AIMessageChunk'>】======>>【，根据搜索到的背景资料，我为你设计了一个司命老者的角色档案】
2025-12-14 22:39:01.941 | INFO     | ui.npc_generation_page:main:48 - 【<class 'langchain_core.messages.ai.AIMessageChunk'>】======>>【：

```json
{
  "name": "岚渊",
  "】
2025-12-14 22:39:02.184 | INFO     | ui.npc_generation_page:main:48 - 【<class 'langchain_core.messages.ai.AIMessageChunk'>】======>>【race": "余辉之人",
  "personality": " शांत ( शांत ), 守望, 疲惫, 悲悯",
  "background": "】
2025-12-14 22:39:02.494 | INFO     | ui.npc_generation_page:main:48 - 【<class 'langchain_core.messages.ai.AIMessageChunk'>】======>>【岚渊本是司命一族中天赋异禀的预言者，却在龙脉断裂之际，目睹了族群的分崩】
2025-12-14 22:39:02.917 | INFO     | ui.npc_generation_page:main:48 - 【<class 'langchain_core.messages.ai.AIMessageChunk'>】======>>【离析与世界的崩坏。他试图修复龙脉，却发现自己并非血肉之躯，而是龙脉断裂后残留的“余辉”所化。背负着沉重的宿命，岚渊在】
2025-12-14 22:39:03.387 | INFO     | ui.npc_generation_page:main:48 - 【<class 'langchain_core.messages.ai.AIMessageChunk'>】======>>【无尽的轮回中寻找着修复龙脉的希望，他的行动动机是弥补当年的错误，即使代价是自我消亡，也希望引导世界走向正轨。",
  "opening_line": "（抬头】
2025-12-14 22:39:03.956 | INFO     | ui.npc_generation_page:main:48 - 【<class 'langchain_core.messages.ai.AIMessageChunk'>】======>>【，望向远方破碎的山河）…又是一条被遗忘的路，也是么？"
}
```

我将把这个角色档案保存到 `npc.txt` 中。如果文件存在，我会将内容追加到文件末尾。
】
2025-12-14 22:39:04.937 | INFO     | ui.npc_generation_page:main:48 - 【<class 'langchain_core.messages.ai.AIMessageChunk'>】======>>【】
2025-12-14 22:39:04.941 | INFO     | ui.npc_generation_page:main:48 - 【<class 'langchain_core.messages.ai.AIMessageChunk'>】======>>【】
2025-12-14 22:39:04.944 | INFO     | ui.npc_generation_page:main:48 - 【<class 'langchain_core.messages.tool.ToolMessage'>】======>>【File written successfully to npc.txt.】
2025-12-14 22:39:05.723 | INFO     | ui.npc_generation_page:main:48 - 【<class 'langchain_core.messages.ai.AIMessageChunk'>】======>>【好的，司】
2025-12-14 22:39:05.813 | INFO     | ui.npc_generation_page:main:48 - 【<class 'langchain_core.messages.ai.AIMessageChunk'>】======>>【命老者角色已生成并保存到【npc.txt】中。

**角色】
2025-12-14 22:39:05.922 | INFO     | ui.npc_generation_page:main:48 - 【<class 'langchain_core.messages.ai.AIMessageChunk'>】======>>【档案：**

```json
{
  "name": "岚渊",
】
2025-12-14 22:39:06.082 | INFO     | ui.npc_generation_page:main:48 - 【<class 'langchain_core.messages.ai.AIMessageChunk'>】======>>【  "race": "余辉之人",
  "personality": " शांत ( शांत ), 守望, 疲惫, 悲悯",
】
2025-12-14 22:39:06.269 | INFO     | ui.npc_generation_page:main:48 - 【<class 'langchain_core.messages.ai.AIMessageChunk'>】======>>【  "background": "岚渊本是司命一族中天赋异禀的预言者，却在龙脉断裂之际，目睹】
2025-12-14 22:39:06.456 | INFO     | ui.npc_generation_page:main:48 - 【<class 'langchain_core.messages.ai.AIMessageChunk'>】======>>【了族群的分崩离析与世界的崩坏。他试图修复龙脉，却发现自己并非血肉之躯，而是龙脉断裂后残留的“余辉”所化。背负着沉重的宿】
2025-12-14 22:39:06.681 | INFO     | ui.npc_generation_page:main:48 - 【<class 'langchain_core.messages.ai.AIMessageChunk'>】======>>【命，岚渊在无尽的轮回中寻找着修复龙脉的希望，他的行动动机是弥补当年的错误，即使代价是自我消亡，也希望引导世界走向正轨。",
  "opening_】
2025-12-14 22:39:07.030 | INFO     | ui.npc_generation_page:main:48 - 【<class 'langchain_core.messages.ai.AIMessageChunk'>】======>>【line": "（抬头，望向远方破碎的山河）…又是一条被遗忘的路，也是么？"
}
```

**角色设计说明：**

*   **姓名 (name):** 岚渊，取自“山岚”与“深渊”，暗示其】
2025-12-14 22:39:07.435 | INFO     | ui.npc_generation_page:main:48 - 【<class 'langchain_core.messages.ai.AIMessageChunk'>】======>>【身世与背负的命运。
*   **种族 (race):** 余辉之人，呼应背景资料中“龙脉断裂时，世界不得不留下的余辉”，强调其非人非神的特殊身份。
*   **性格 (personality):**
    *   शांत】
2025-12-14 22:39:08.048 | INFO     | ui.npc_generation_page:main:48 - 【<class 'langchain_core.messages.ai.AIMessageChunk'>】======>>【 ( शांत ):梵语，意为平静，司命需要冷静看待天命。
    *   守望: 作为余辉，他孤独地守护着 мира
    *   疲惫: 经历过无数轮回，修复龙脉的希望渺茫，内心疲惫。
    *   悲悯】
2025-12-14 22:39:08.569 | INFO     | ui.npc_generation_page:main:48 - 【<class 'langchain_core.messages.ai.AIMessageChunk'>】======>>【: 对苍生怀有怜悯之心，不忍 seeing 世界继续崩坏。
*   **背景 (background):** 故事核心是“龙脉断裂后的余辉”，因此背景故事围绕岚渊的身份来源、行动动机展开。微型叙事结构：
    *   】
2025-12-14 22:39:09.113 | INFO     | ui.npc_generation_page:main:48 - 【<class 'langchain_core.messages.ai.AIMessageChunk'>】======>>【起因：龙脉断裂，司命一族衰败。
    *   冲突：发现自己是余辉所化，背负修复龙脉的宿命。
    *   现状：在轮回中寻找希望，弥补当年的错误。
*   **开场台词 (opening\_】
2025-12-14 22:39:09.472 | INFO     | ui.npc_generation_page:main:48 - 【<class 'langchain_core.messages.ai.AIMessageChunk'>】======>>【line):**  通过“抬头”、“破碎的山河”等意象，展现了角色对世界崩坏的无奈与身处轮回的宿命感。

希望这个角色设计能满足您的需求。
】
2025-12-14 22:39:09.477 | INFO     | ui.npc_generation_page:main:48 - 【<class 'langchain_core.messages.ai.AIMessageChunk'>】======>>【】
2025-12-14 22:39:51.449 | INFO     | ui.npc_generation_page:main:48 - 【<class 'langchain_core.messages.ai.AIMessageChunk'>】======>>【好的】
2025-12-14 22:39:51.640 | INFO     | ui.npc_generation_page:main:48 - 【<class 'langchain_core.messages.ai.AIMessageChunk'>】======>>【，没问题。为了保证角色设计的合理性，我会先搜索一下与】
2025-12-14 22:39:51.792 | INFO     | ui.npc_generation_page:main:48 - 【<class 'langchain_core.messages.ai.AIMessageChunk'>】======>>【之前角色相关的背景资料，然后再设计他的弟弟。

】
2025-12-14 22:39:51.938 | INFO     | ui.npc_generation_page:main:48 - 【<class 'langchain_core.messages.ai.AIMessageChunk'>】======>>【】
2025-12-14 22:39:51.942 | INFO     | ui.npc_generation_page:main:48 - 【<class 'langchain_core.messages.ai.AIMessageChunk'>】======>>【】
2025-12-14 22:39:52.556 | INFO     | ui.npc_generation_page:main:48 - 【<class 'langchain_core.messages.tool.ToolMessage'>】======>>【那光，正在往他身体里退。

不是流动，更像是归位。

“……原来在这儿。”

这个念头突兀地出现。

不是声音，没有语气，却让他确信无疑。

他伸出手。

手是人的手，皮肤温热，有脉搏。但当他用力握紧时，指节间有细碎的光点渗出，又迅速消失。

他不知道那是什么。

他只知道，*

他不是在出生*

。

而是在被拼出来。

---

## 第二章｜余辉之人

山外有村。

村子不大，靠着一条改过三次道的河活着。老人说，这河原本不在这儿，是几十年前突然改了流向，把半个祖坟冲没了。

没人敢深究原因。

他们更在意能不能种地。

他是在黄昏时走进村子的。

衣服是从山下拾来的旧布，被他自己随意缠在身上，勉强像个赶路人。村口的老狗先是低声呜咽，随后夹着尾巴退进阴影里。

村民看他的眼神，很快。

一眼，确认是人；

第二眼，确认不是熟人；

第三眼，决定当没看见。

这是乱世里最安全的做法。

好，那我*

正式开写*

。

我们按你选的方案来：*

分卷式创作*

。

下面是——

---

# 第一卷：余辉醒来

（第一卷

完整主线展开，偏世界观与人物奠基）**

> 题注：

>

后来的人都说，那一日没有龙吟。

>

只是山河像被人轻轻推了一下。*

---

## 第一章｜醒在不该醒的地方

他是在*

风声里醒来的*

。

不是春风，也不是山风，而是一种带着细碎沙石的风，像是山体内部长期空洞后，忽然塌陷时产生的回流。

意识最先恢复的不是记忆，而是*

方向感*

。

他不知道自己是谁，却清楚地知道——

脚下这块地，不该有人站着。**

他低头。

脚下是一片裂开的石台，石台上刻满了断裂的纹路，那些纹路原本应当相互咬合，如今却像被人生生掰断，残缺地向四周延伸。石纹深处泛着微弱的光，像是火将熄未熄的余烬。

那光，正在往他身体里退。

某个小村庄的河再次改道时，

村民没有立刻求神。

他们开始争吵、协商、迁移。

过程混乱，代价真实。

但他们记住了那次选择。

第七章｜最后的余辉

很多年后，有孩子在旧城外的路口，

捡到一块会发热的碎石。

碎石不亮，也不回应祈祷。

只是当孩子站在岔路口犹豫时，

碎石会微微变暖。

像是在提醒：

路是你自己选的。

孩子长大后，把碎石丢进河里。

河水没有异样。

但那条路，从此没有再被洪水淹没。

第四卷

结束语

他不在了。

但世界，

第一次不再需要被拯救。

因为他不是当事人。

他只是*

结果*

。

“去看看吧。”

邪神低声道，“城那边，有你该知道的东西。”

他从梦中惊醒。

天将亮未亮。

司命遗脉的人已经不见，只留下一块旧木牌，上面刻着残缺的符号。

木牌在他手中微微发热。

方向，指向北方。

---

## 第五章｜从村子出发

他离开村子时，没有人送。

村民们躲在门后，既庆幸河安了，又害怕他再回来。

他走上通往旧道的山路。

路边的石碑早已倒塌，字迹被风磨平。

但他能“看见”。

看见这里曾是节点，看见这里的龙脉曾经完整、明亮。

也看见，那些断裂之处，正在慢慢滋生新的东西。

不是龙。

也不是神。

而是*

被错误延续下来的世界*

。

他不知道自己最终要做什么。

只知道，有一条线，正在引他前行。

而前方的人，会越来越多。

他们有的想修复龙脉，

有的想利用它，

有的只想证明——

他不知道自己最终要做什么。

只知道，有一条线，正在引他前行。

而前方的人，会越来越多。

他们有的想修复龙脉，

有的想利用它，

有的只想证明——

当年的错，不该由他们来背。**

山风吹过。

他回头，看了一眼来路的小村。

那一刻，他第一次产生了类似“情绪”的东西。

不是眷恋。

而是责任。

---

### 第一卷

结束语

> 他不是救世主。

> 他是龙脉断裂后，世界不得不留下的余辉。

第二卷：城那边的龙

（第二卷

世界展开、阵营登场、主角开始被“选择”）

题注：

龙脉断过一次之后，世界就学会了说谎。

而城，是最擅长说谎的地方。

第一章｜路不再直

北行第三日，路开始变得不对劲。

地图是直的，山是连的，河也按理该向东流。

但他走着走着，总会回到同一块乱石坡前。

不是迷路。

是路在绕开什么。

第七章｜选择开始

司命老者伸出手。

“跟我们合作。”

他说，“修复龙脉，稳定世界。”

“代价呢？”

老者沉默了一瞬。

“你会慢慢消失。”

邪神的声音贴近他耳边。

“或者，跟我。”

“让这个错误的世界，真正断掉一次。”

城外，山行者的营地燃起警示火光。

城内，符阵开始启动。

他站在城心。

第一次意识到——

他不是来冒险的。

他是被世界，推上来的。

第二卷

结束语

城那边确实有龙。

只是那条龙，

早已不知道自己该不该再活一次。+

第三卷：无名之脉

（第三卷

主角自我觉醒，世界观第一次被推翻）

题注：

龙脉并不是一条线。

只是世人习惯，把活着的东西画成线。

第一章｜拒绝两种答案

符阵亮起的那一刻，城开始下沉。

不是坍塌，是一种有节奏的下移，仿佛整座城原本就悬浮在某个看不见的结构之上。

司命老者的声音在回荡：

这是他们与中原人最大的不同。

阿阙拒绝了所有“共主”的提议。

“我们不需要龙选路。”

她说，“我们自己会走。”

龙脉北段逐渐稳定。

不是因为修复，而是因为山行者改变了迁徙方式，避开了那些曾经被过度使用的土地。

他们学会了承认一件事：

有些地方，不该再回去。

他们在旧祖地立起了一块石碑。

上面没有纪念英雄。

只有一句话：

此地曾是路。

现在不是。

第四章｜邪神没有消失

邪神并未被消灭。

这是司命一族最忌讳谈论的事实。

它只是失去了“唯一接口”。

不再通过龙脉直接影响世界。

它开始以更微小、更分散的方式存在——

在人心的选择里。

有人在灾荒中祈求它的帮助；

有人在战乱前向它交换力量；

它不再主动降临。

它开始等。

邪神第一次意识到，

这个世界，不再急着要一个答案。

第五章｜关于他的记载

他没有留下遗体。

也没有留下名字。

而真正的真相，被掩埋了。

“你知道现在外面怎么说吗？”

那人看着他。

“说是*

邪神蛊惑司命一族，伪造天命，害了龙脉*

。”

他沉默。

那道引导在脑海中轻轻一震。

“不全是假话。”**

---

## 第四章｜邪神的低语

那天夜里，他梦见了城。

不是完整的城。

是一座正在下沉的都城。

街道像被水浸泡过的纸，向内塌陷；宫阙歪斜，柱子上缠绕着黑色的影子。

城中心，有一道裂口。

裂口里，有什么东西在“看”。

“你终于醒了。”**

这一次，是声音。

低沉，却温和。

“你们把一切都怪在我身上。”

那声音轻声说，“可当年，是他们自己选择了力量。”

他想反驳，却发现自己没有立场。

因为他不是当事人。

他只是*

结果*

。

“去看看吧。”

邪神低声道，“城那边，有你该知道的东西。”

他从梦中惊醒。

天将亮未亮。

北行第三日，路开始变得不对劲。

地图是直的，山是连的，河也按理该向东流。

但他走着走着，总会回到同一块乱石坡前。

不是迷路。

是路在绕开什么。

那道引导在脑海里沉默得异常，仿佛也在犹豫。直到夜幕降临，天边的云层裂开一道狭长的口子，一线暗红色的光照在前方。

他这才发现——

不是他在兜圈子。

是有一条旧路，被人为掩埋了。

乱石下方，埋着残破的石阶，石阶上刻着极淡的纹路，与他醒来时脚下的石台极其相似。

他蹲下身，指尖贴上石阶。

胸口的余辉轻轻一震。

乱石自行滑落，露出一条通往地下的坡道。

坡道里，有风。

不是死风，是仍在流动的、带着湿土气息的风。

“……龙脉旁道。”

这个词毫无征兆地浮现在他脑海里。

第二章｜走在龙脉边上

龙脉旁道不是隧道。

更像是一条被世界遗忘的脊背。

紧接着，水势被强行压回原道。

河没有完全复原，但暴涨止住了。

村民们跪了一地。

有人喊他“山神”，有人喊他“河君”。

他站在原地，只觉得一阵空虚。

仿佛有什么东西，从他身体里被抽走了。

夜深时，他独自坐在村外。

那道“引导”再次出现。

“你是余辉。”**

“不是人，也不是神。”**

“你是龙脉断裂时，留下的残光。”**

---

## 第三章｜种族与立场

三天后，村里来了外人。

他们穿着制式统一的灰白长袍，衣角绣着已经褪色的符纹。为首的是个中年男人，面容端正，却始终不与人对视。

他们自称——*

司命遗脉*

。

“我们不是官。”

那人说，“也早就没朝廷了。”

司命一族，是*

曾经负责观测天命、维护龙脉的族群*

。

至少，传说里是这么说的。

他们看向他的眼神，与村民不同。

不是敬畏，是审视。

“你不是修行者。”】
2025-12-14 22:39:53.224 | INFO     | ui.npc_generation_page:main:48 - 【<class 'langchain_core.messages.ai.AIMessageChunk'>】======>>【我】
2025-12-14 22:39:53.367 | INFO     | ui.npc_generation_page:main:48 - 【<class 'langchain_core.messages.ai.AIMessageChunk'>】======>>【理解了，下面是NPC角色档案：

```json
{
  "】
2025-12-14 22:39:53.540 | INFO     | ui.npc_generation_page:main:48 - 【<class 'langchain_core.messages.ai.AIMessageChunk'>】======>>【name": "伊利昂·希尔维",
  "race": "高等】
2025-12-14 22:39:53.722 | INFO     | ui.npc_generation_page:main:48 - 【<class 'langchain_core.messages.ai.AIMessageChunk'>】======>>【精灵",
  "personality": "内向、敏感、责任感强、略带悲观",
  "background": "伊利昂是】
2025-12-14 22:39:54.106 | INFO     | ui.npc_generation_page:main:48 - 【<class 'langchain_core.messages.ai.AIMessageChunk'>】======>>【艾瑞斯（见前一个角色档案）的弟弟，从小体弱多病，无法像哥哥那样精进武艺，因此被家人留在】
2025-12-14 22:39:54.802 | INFO     | ui.npc_generation_page:main:48 - 【<class 'langchain_core.messages.ai.AIMessageChunk'>】======>>【后方学习魔法。十年前，兽人入侵摧毁了他的家园，父母双亡。哥哥艾瑞斯毅然参军，而伊利昂则加入了魔法师协会，试图用自己的方式守护家园。他】
2025-12-14 22:39:55.556 | INFO     | ui.npc_generation_page:main:48 - 【<class 'langchain_core.messages.ai.AIMessageChunk'>】======>>【一直为哥哥的安全担忧，同时也对自己的无力感感到 frustated。他坚信哥哥还活着，并默默搜集关于兽人的情报，希望能帮到哥哥，或者至少在哥哥回来时，能给他一个温暖的家】
2025-12-14 22:39:56.113 | INFO     | ui.npc_generation_page:main:48 - 【<class 'langchain_core.messages.ai.AIMessageChunk'>】======>>【。",
  "opening_line": "（抬头，透过沾满灰尘的窗户，看着远方燃烧的天空）哥哥，十年了...你会在哪里？"
}
```

我将把这个角色信息追加到 `npc.txt` 文件中。

】
2025-12-14 22:39:57.442 | INFO     | ui.npc_generation_page:main:48 - 【<class 'langchain_core.messages.ai.AIMessageChunk'>】======>>【】
2025-12-14 22:39:57.445 | INFO     | ui.npc_generation_page:main:48 - 【<class 'langchain_core.messages.ai.AIMessageChunk'>】======>>【】
2025-12-14 22:39:57.447 | INFO     | ui.npc_generation_page:main:48 - 【<class 'langchain_core.messages.tool.ToolMessage'>】======>>【File written successfully to npc.txt.】
2025-12-14 22:39:58.215 | INFO     | ui.npc_generation_page:main:48 - 【<class 'langchain_core.messages.ai.AIMessageChunk'>】======>>【好的，我已经】
2025-12-14 22:39:58.328 | INFO     | ui.npc_generation_page:main:48 - 【<class 'langchain_core.messages.ai.AIMessageChunk'>】======>>【生成了艾瑞斯的弟弟伊利昂·希尔维的角色档案，并将】
2025-12-14 22:39:58.526 | INFO     | ui.npc_generation_page:main:48 - 【<class 'langchain_core.messages.ai.AIMessageChunk'>】======>>【它追加保存到了 `npc.txt` 文件中。以下是角色档案的内容】
2025-12-14 22:39:58.834 | INFO     | ui.npc_generation_page:main:48 - 【<class 'langchain_core.messages.ai.AIMessageChunk'>】======>>【：

```json
{
  "name": "伊利昂·希尔维",
  "race": "高等精灵",
  "】
2025-12-14 22:39:58.985 | INFO     | ui.npc_generation_page:main:48 - 【<class 'langchain_core.messages.ai.AIMessageChunk'>】======>>【personality": "内向、敏感、责任感强、略带悲观",
  "background": "伊利昂是艾瑞斯（见】
2025-12-14 22:39:59.216 | INFO     | ui.npc_generation_page:main:48 - 【<class 'langchain_core.messages.ai.AIMessageChunk'>】======>>【前一个角色档案）的弟弟，从小体弱多病，无法像哥哥那样精进武艺，因此被家人留在后方学习魔法。十年前，兽人入侵摧毁了他的家园，父母双亡。】
2025-12-14 22:39:59.505 | INFO     | ui.npc_generation_page:main:48 - 【<class 'langchain_core.messages.ai.AIMessageChunk'>】======>>【哥哥艾瑞斯毅然参军，而伊利昂则加入了魔法师协会，试图用自己的方式守护家园。他一直为哥哥的安全担忧，同时也对自己的无力感感到 frustated。他坚信哥哥】
2025-12-14 22:39:59.822 | INFO     | ui.npc_generation_page:main:48 - 【<class 'langchain_core.messages.ai.AIMessageChunk'>】======>>【还活着，并默默搜集关于兽人的情报，希望能帮到哥哥，或者至少在哥哥回来时，能给他一个温暖的家。",
  "opening_line": "（抬头，透过沾满灰尘的窗户，看着远方燃烧的天空）哥哥，十年了...你会在哪里？】
2025-12-14 22:40:00.074 | INFO     | ui.npc_generation_page:main:48 - 【<class 'langchain_core.messages.ai.AIMessageChunk'>】======>>【",
  "relation": "brother of Ireth Silve"
}
```

这个角色与艾瑞斯有着深刻的联系，他们的故事交织在一起，希望能为你的游戏叙事增添更多层次。
】
2025-12-14 22:40:00.077 | INFO     | ui.npc_generation_page:main:48 - 【<class 'langchain_core.messages.ai.AIMessageChunk'>】======>>【】
2025-12-14 22:41:07.461 | INFO     | ui.npc_generation_page:main:48 - 【<class 'langchain_core.messages.ai.AIMessageChunk'>】======>>【好的】
2025-12-14 22:41:07.667 | INFO     | ui.npc_generation_page:main:48 - 【<class 'langchain_core.messages.ai.AIMessageChunk'>】======>>【，请问您希望我整理哪个目录下的角色文件？或者您记得】
2025-12-14 22:41:07.792 | INFO     | ui.npc_generation_page:main:48 - 【<class 'langchain_core.messages.ai.AIMessageChunk'>】======>>【文件名，我可以尝试搜索。】
2025-12-14 22:41:07.792 | INFO     | ui.npc_generation_page:main:48 - 【<class 'langchain_core.messages.ai.AIMessageChunk'>】======>>【】
2025-12-14 22:41:30.420 | INFO     | ui.npc_generation_page:main:48 - 【<class 'langchain_core.messages.ai.AIMessageChunk'>】======>>【明白了】
2025-12-14 22:41:30.632 | INFO     | ui.npc_generation_page:main:48 - 【<class 'langchain_core.messages.ai.AIMessageChunk'>】======>>【，请先提供NPC角色的关键词或描述，我将使用这些信息来】
2025-12-14 22:41:30.784 | INFO     | ui.npc_generation_page:main:48 - 【<class 'langchain_core.messages.ai.AIMessageChunk'>】======>>【搜索相关的背景资料，并据此设计一个完整的NPC角色档案。
】
2025-12-14 22:41:30.786 | INFO     | ui.npc_generation_page:main:48 - 【<class 'langchain_core.messages.ai.AIMessageChunk'>】======>>【】
2025-12-14 22:41:30.789 | INFO     | ui.npc_generation_page:main:48 - 【<class 'langchain_core.messages.ai.AIMessageChunk'>】======>>【】
2025-12-14 22:41:46.754 | INFO     | ui.npc_generation_page:main:48 - 【<class 'langchain_core.messages.ai.AIMessageChunk'>】======>>【好的】
2025-12-14 22:41:46.937 | INFO     | ui.npc_generation_page:main:48 - 【<class 'langchain_core.messages.ai.AIMessageChunk'>】======>>【，请问您希望我从哪个路径读取已生成的角色信息？如果您】
2025-12-14 22:41:47.120 | INFO     | ui.npc_generation_page:main:48 - 【<class 'langchain_core.messages.ai.AIMessageChunk'>】======>>【没有指定路径，我将尝试从默认路径中查找。
】
2025-12-14 22:41:47.124 | INFO     | ui.npc_generation_page:main:48 - 【<class 'langchain_core.messages.ai.AIMessageChunk'>】======>>【】
2025-12-14 22:42:03.792 | INFO     | ui.npc_generation_page:main:48 - 【<class 'langchain_core.messages.ai.AIMessageChunk'>】======>>【好的】
2025-12-14 22:42:03.927 | INFO     | ui.npc_generation_page:main:48 - 【<class 'langchain_core.messages.ai.AIMessageChunk'>】======>>【，请提供 `npc.txt` 文件的内容。】
2025-12-14 22:42:03.930 | INFO     | ui.npc_generation_page:main:48 - 【<class 'langchain_core.messages.ai.AIMessageChunk'>】======>>【】
2025-12-14 22:43:37.644 | INFO     | ui.npc_generation_page:main:48 - 【<class 'langchain_core.messages.ai.AIMessageChunk'>】======>>【明白了】
2025-12-14 22:43:37.851 | INFO     | ui.npc_generation_page:main:48 - 【<class 'langchain_core.messages.ai.AIMessageChunk'>】======>>【，请给出你想要查询的关键词，我会根据搜索结果创建一个NPC角色档案，并】
2025-12-14 22:43:37.947 | INFO     | ui.npc_generation_page:main:48 - 【<class 'langchain_core.messages.ai.AIMessageChunk'>】======>>【保存到 `npc.txt` 文件中。】
2025-12-14 22:43:37.948 | INFO     | ui.npc_generation_page:main:48 - 【<class 'langchain_core.messages.ai.AIMessageChunk'>】======>>【】
2025-12-14 22:51:16.221 | INFO     | ui.npc_generation_page:main:48 - 【<class 'langchain_core.messages.ai.AIMessageChunk'>】======>>【好的】
2025-12-14 22:51:16.345 | INFO     | ui.npc_generation_page:main:48 - 【<class 'langchain_core.messages.ai.AIMessageChunk'>】======>>【，没问题。首先，我会使用 `search_relevent_lore` 工具搜索】
2025-12-14 22:51:16.474 | INFO     | ui.npc_generation_page:main:48 - 【<class 'langchain_core.messages.ai.AIMessageChunk'>】======>>【与“司命”相关的背景资料，以便更好地构建角色。
】
2025-12-14 22:51:16.597 | INFO     | ui.npc_generation_page:main:48 - 【<class 'langchain_core.messages.ai.AIMessageChunk'>】======>>【】
2025-12-14 22:51:16.606 | INFO     | ui.npc_generation_page:main:48 - 【<class 'langchain_core.messages.ai.AIMessageChunk'>】======>>【】
2025-12-14 22:51:17.748 | INFO     | ui.npc_generation_page:main:48 - 【<class 'langchain_core.messages.tool.ToolMessage'>】======>>【那光，正在往他身体里退。

不是流动，更像是归位。

“……原来在这儿。”

这个念头突兀地出现。

不是声音，没有语气，却让他确信无疑。

他伸出手。

手是人的手，皮肤温热，有脉搏。但当他用力握紧时，指节间有细碎的光点渗出，又迅速消失。

他不知道那是什么。

他只知道，*

他不是在出生*

。

而是在被拼出来。

---

## 第二章｜余辉之人

山外有村。

村子不大，靠着一条改过三次道的河活着。老人说，这河原本不在这儿，是几十年前突然改了流向，把半个祖坟冲没了。

没人敢深究原因。

他们更在意能不能种地。

他是在黄昏时走进村子的。

衣服是从山下拾来的旧布，被他自己随意缠在身上，勉强像个赶路人。村口的老狗先是低声呜咽，随后夹着尾巴退进阴影里。

村民看他的眼神，很快。

一眼，确认是人；

第二眼，确认不是熟人；

第三眼，决定当没看见。

这是乱世里最安全的做法。

好，那我*

正式开写*

。

我们按你选的方案来：*

分卷式创作*

。

下面是——

---

# 第一卷：余辉醒来

（第一卷

完整主线展开，偏世界观与人物奠基）**

> 题注：

>

后来的人都说，那一日没有龙吟。

>

只是山河像被人轻轻推了一下。*

---

## 第一章｜醒在不该醒的地方

他是在*

风声里醒来的*

。

不是春风，也不是山风，而是一种带着细碎沙石的风，像是山体内部长期空洞后，忽然塌陷时产生的回流。

意识最先恢复的不是记忆，而是*

方向感*

。

他不知道自己是谁，却清楚地知道——

脚下这块地，不该有人站着。**

他低头。

脚下是一片裂开的石台，石台上刻满了断裂的纹路，那些纹路原本应当相互咬合，如今却像被人生生掰断，残缺地向四周延伸。石纹深处泛着微弱的光，像是火将熄未熄的余烬。

那光，正在往他身体里退。

某个小村庄的河再次改道时，

村民没有立刻求神。

他们开始争吵、协商、迁移。

过程混乱，代价真实。

但他们记住了那次选择。

第七章｜最后的余辉

很多年后，有孩子在旧城外的路口，

捡到一块会发热的碎石。

碎石不亮，也不回应祈祷。

只是当孩子站在岔路口犹豫时，

碎石会微微变暖。

像是在提醒：

路是你自己选的。

孩子长大后，把碎石丢进河里。

河水没有异样。

但那条路，从此没有再被洪水淹没。

第四卷

结束语

他不在了。

但世界，

第一次不再需要被拯救。

因为他不是当事人。

他只是*

结果*

。

“去看看吧。”

邪神低声道，“城那边，有你该知道的东西。”

他从梦中惊醒。

天将亮未亮。

司命遗脉的人已经不见，只留下一块旧木牌，上面刻着残缺的符号。

木牌在他手中微微发热。

方向，指向北方。

---

## 第五章｜从村子出发

他离开村子时，没有人送。

村民们躲在门后，既庆幸河安了，又害怕他再回来。

他走上通往旧道的山路。

路边的石碑早已倒塌，字迹被风磨平。

但他能“看见”。

看见这里曾是节点，看见这里的龙脉曾经完整、明亮。

也看见，那些断裂之处，正在慢慢滋生新的东西。

不是龙。

也不是神。

而是*

被错误延续下来的世界*

。

他不知道自己最终要做什么。

只知道，有一条线，正在引他前行。

而前方的人，会越来越多。

他们有的想修复龙脉，

有的想利用它，

有的只想证明——

他不知道自己最终要做什么。

只知道，有一条线，正在引他前行。

而前方的人，会越来越多。

他们有的想修复龙脉，

有的想利用它，

有的只想证明——

当年的错，不该由他们来背。**

山风吹过。

他回头，看了一眼来路的小村。

那一刻，他第一次产生了类似“情绪”的东西。

不是眷恋。

而是责任。

---

### 第一卷

结束语

> 他不是救世主。

> 他是龙脉断裂后，世界不得不留下的余辉。

第二卷：城那边的龙

（第二卷

世界展开、阵营登场、主角开始被“选择”）

题注：

龙脉断过一次之后，世界就学会了说谎。

而城，是最擅长说谎的地方。

第一章｜路不再直

北行第三日，路开始变得不对劲。

地图是直的，山是连的，河也按理该向东流。

但他走着走着，总会回到同一块乱石坡前。

不是迷路。

是路在绕开什么。

第七章｜选择开始

司命老者伸出手。

“跟我们合作。”

他说，“修复龙脉，稳定世界。”

“代价呢？”

老者沉默了一瞬。

“你会慢慢消失。”

邪神的声音贴近他耳边。

“或者，跟我。”

“让这个错误的世界，真正断掉一次。”

城外，山行者的营地燃起警示火光。

城内，符阵开始启动。

他站在城心。

第一次意识到——

他不是来冒险的。

他是被世界，推上来的。

第二卷

结束语

城那边确实有龙。

只是那条龙，

早已不知道自己该不该再活一次。+

第三卷：无名之脉

（第三卷

主角自我觉醒，世界观第一次被推翻）

题注：

龙脉并不是一条线。

只是世人习惯，把活着的东西画成线。

第一章｜拒绝两种答案

符阵亮起的那一刻，城开始下沉。

不是坍塌，是一种有节奏的下移，仿佛整座城原本就悬浮在某个看不见的结构之上。

司命老者的声音在回荡：

这是他们与中原人最大的不同。

阿阙拒绝了所有“共主”的提议。

“我们不需要龙选路。”

她说，“我们自己会走。”

龙脉北段逐渐稳定。

不是因为修复，而是因为山行者改变了迁徙方式，避开了那些曾经被过度使用的土地。

他们学会了承认一件事：

有些地方，不该再回去。

他们在旧祖地立起了一块石碑。

上面没有纪念英雄。

只有一句话：

此地曾是路。

现在不是。

第四章｜邪神没有消失

邪神并未被消灭。

这是司命一族最忌讳谈论的事实。

它只是失去了“唯一接口”。

不再通过龙脉直接影响世界。

它开始以更微小、更分散的方式存在——

在人心的选择里。

有人在灾荒中祈求它的帮助；

有人在战乱前向它交换力量；

它不再主动降临。

它开始等。

邪神第一次意识到，

这个世界，不再急着要一个答案。

第五章｜关于他的记载

他没有留下遗体。

也没有留下名字。

而真正的真相，被掩埋了。

“你知道现在外面怎么说吗？”

那人看着他。

“说是*

邪神蛊惑司命一族，伪造天命，害了龙脉*

。”

他沉默。

那道引导在脑海中轻轻一震。

“不全是假话。”**

---

## 第四章｜邪神的低语

那天夜里，他梦见了城。

不是完整的城。

是一座正在下沉的都城。

街道像被水浸泡过的纸，向内塌陷；宫阙歪斜，柱子上缠绕着黑色的影子。

城中心，有一道裂口。

裂口里，有什么东西在“看”。

“你终于醒了。”**

这一次，是声音。

低沉，却温和。

“你们把一切都怪在我身上。”

那声音轻声说，“可当年，是他们自己选择了力量。”

他想反驳，却发现自己没有立场。

因为他不是当事人。

他只是*

结果*

。

“去看看吧。”

邪神低声道，“城那边，有你该知道的东西。”

他从梦中惊醒。

天将亮未亮。

北行第三日，路开始变得不对劲。

地图是直的，山是连的，河也按理该向东流。

但他走着走着，总会回到同一块乱石坡前。

不是迷路。

是路在绕开什么。

那道引导在脑海里沉默得异常，仿佛也在犹豫。直到夜幕降临，天边的云层裂开一道狭长的口子，一线暗红色的光照在前方。

他这才发现——

不是他在兜圈子。

是有一条旧路，被人为掩埋了。

乱石下方，埋着残破的石阶，石阶上刻着极淡的纹路，与他醒来时脚下的石台极其相似。

他蹲下身，指尖贴上石阶。

胸口的余辉轻轻一震。

乱石自行滑落，露出一条通往地下的坡道。

坡道里，有风。

不是死风，是仍在流动的、带着湿土气息的风。

“……龙脉旁道。”

这个词毫无征兆地浮现在他脑海里。

第二章｜走在龙脉边上

龙脉旁道不是隧道。

更像是一条被世界遗忘的脊背。

紧接着，水势被强行压回原道。

河没有完全复原，但暴涨止住了。

村民们跪了一地。

有人喊他“山神”，有人喊他“河君”。

他站在原地，只觉得一阵空虚。

仿佛有什么东西，从他身体里被抽走了。

夜深时，他独自坐在村外。

那道“引导”再次出现。

“你是余辉。”**

“不是人，也不是神。”**

“你是龙脉断裂时，留下的残光。”**

---

## 第三章｜种族与立场

三天后，村里来了外人。

他们穿着制式统一的灰白长袍，衣角绣着已经褪色的符纹。为首的是个中年男人，面容端正，却始终不与人对视。

他们自称——*

司命遗脉*

。

“我们不是官。”

那人说，“也早就没朝廷了。”

司命一族，是*

曾经负责观测天命、维护龙脉的族群*

。

至少，传说里是这么说的。

他们看向他的眼神，与村民不同。

不是敬畏，是审视。

“你不是修行者。”】
2025-12-14 22:51:18.465 | INFO     | ui.npc_generation_page:main:48 - 【<class 'langchain_core.messages.ai.AIMessageChunk'>】======>>【好的】
2025-12-14 22:51:18.680 | INFO     | ui.npc_generation_page:main:48 - 【<class 'langchain_core.messages.ai.AIMessageChunk'>】======>>【，这是根据搜索结果设计的司命老者角色档案：
 ```json
 {】
2025-12-14 22:51:18.805 | INFO     | ui.npc_generation_page:main:48 - 【<class 'langchain_core.messages.ai.AIMessageChunk'>】======>>【
  "name": "凛",
  "race": "余辉之人】
2025-12-14 22:51:19.105 | INFO     | ui.npc_generation_page:main:48 - 【<class 'langchain_core.messages.ai.AIMessageChunk'>】======>>【",
  "personality": "迟暮，责任感，悲悯，不善言辞",
  "background": "凛本是司命一】
2025-12-14 22:51:19.379 | INFO     | ui.npc_generation_page:main:48 - 【<class 'langchain_core.messages.ai.AIMessageChunk'>】======>>【族负责观测龙脉的普通族人，在龙脉断裂的变故中，意识消散。不知过了多久，他于龙脉断裂之处】
2025-12-14 22:51:19.879 | INFO     | ui.npc_generation_page:main:48 - 【<class 'langchain_core.messages.ai.AIMessageChunk'>】======>>【的石台上重塑形体，成为了“余辉之人”。他没有过往的记忆，却能隐约感知到龙脉的流动和世界的伤痕。为了追寻自身存在的意义，也为了回应那份】
2025-12-14 22:51:20.359 | INFO     | ui.npc_generation_page:main:48 - 【<class 'langchain_core.messages.ai.AIMessageChunk'>】======>>【朦胧的责任感，他踏上了修复龙脉的旅途。然而，他逐渐发现，修复龙脉并非唯一的出路，甚至可能只是延续一个错误的开端。",
  "opening_line": "（】
2025-12-14 22:51:20.927 | INFO     | ui.npc_generation_page:main:48 - 【<class 'langchain_core.messages.ai.AIMessageChunk'>】======>>【抬头，浑浊的双眼望向来者）…龙脉的走向，又乱了吗。"
 }
 ```
 我已经将该角色信息写入到 `npc.txt` 中。
 】
2025-12-14 22:51:22.024 | INFO     | ui.npc_generation_page:main:48 - 【<class 'langchain_core.messages.ai.AIMessageChunk'>】======>>【】
2025-12-14 22:51:22.028 | INFO     | ui.npc_generation_page:main:48 - 【<class 'langchain_core.messages.ai.AIMessageChunk'>】======>>【】
2025-12-14 22:51:22.032 | INFO     | ui.npc_generation_page:main:48 - 【<class 'langchain_core.messages.tool.ToolMessage'>】======>>【File written successfully to npc.txt.】
2025-12-14 22:51:22.744 | INFO     | ui.npc_generation_page:main:48 - 【<class 'langchain_core.messages.ai.AIMessageChunk'>】======>>【角色】
2025-12-14 22:51:22.898 | INFO     | ui.npc_generation_page:main:48 - 【<class 'langchain_core.messages.ai.AIMessageChunk'>】======>>【档案已生成并保存到 npc.txt 中。
】
2025-12-14 22:51:22.901 | INFO     | ui.npc_generation_page:main:48 - 【<class 'langchain_core.messages.ai.AIMessageChunk'>】======>>【】
2025-12-14 23:04:03.696 | INFO     | ui.npc_generation_page:get_stream_response:23 - 【<class 'langchain_core.messages.ai.AIMessageChunk'>】======>>【好的】
2025-12-14 23:04:03.907 | INFO     | ui.npc_generation_page:get_stream_response:23 - 【<class 'langchain_core.messages.ai.AIMessageChunk'>】======>>【，请稍等，我先搜索一下与“司命”相关的背景资料】
2025-12-14 23:04:03.990 | INFO     | ui.npc_generation_page:get_stream_response:23 - 【<class 'langchain_core.messages.ai.AIMessageChunk'>】======>>【。
】
2025-12-14 23:04:04.105 | INFO     | ui.npc_generation_page:get_stream_response:23 - 【<class 'langchain_core.messages.ai.AIMessageChunk'>】======>>【】
2025-12-14 23:04:04.109 | INFO     | ui.npc_generation_page:get_stream_response:23 - 【<class 'langchain_core.messages.ai.AIMessageChunk'>】======>>【】
2025-12-14 23:04:05.077 | INFO     | ui.npc_generation_page:get_stream_response:23 - 【<class 'langchain_core.messages.tool.ToolMessage'>】======>>【那光，正在往他身体里退。

不是流动，更像是归位。

“……原来在这儿。”

这个念头突兀地出现。

不是声音，没有语气，却让他确信无疑。

他伸出手。

手是人的手，皮肤温热，有脉搏。但当他用力握紧时，指节间有细碎的光点渗出，又迅速消失。

他不知道那是什么。

他只知道，*

他不是在出生*

。

而是在被拼出来。

---

## 第二章｜余辉之人

山外有村。

村子不大，靠着一条改过三次道的河活着。老人说，这河原本不在这儿，是几十年前突然改了流向，把半个祖坟冲没了。

没人敢深究原因。

他们更在意能不能种地。

他是在黄昏时走进村子的。

衣服是从山下拾来的旧布，被他自己随意缠在身上，勉强像个赶路人。村口的老狗先是低声呜咽，随后夹着尾巴退进阴影里。

村民看他的眼神，很快。

一眼，确认是人；

第二眼，确认不是熟人；

第三眼，决定当没看见。

这是乱世里最安全的做法。

好，那我*

正式开写*

。

我们按你选的方案来：*

分卷式创作*

。

下面是——

---

# 第一卷：余辉醒来

（第一卷

完整主线展开，偏世界观与人物奠基）**

> 题注：

>

后来的人都说，那一日没有龙吟。

>

只是山河像被人轻轻推了一下。*

---

## 第一章｜醒在不该醒的地方

他是在*

风声里醒来的*

。

不是春风，也不是山风，而是一种带着细碎沙石的风，像是山体内部长期空洞后，忽然塌陷时产生的回流。

意识最先恢复的不是记忆，而是*

方向感*

。

他不知道自己是谁，却清楚地知道——

脚下这块地，不该有人站着。**

他低头。

脚下是一片裂开的石台，石台上刻满了断裂的纹路，那些纹路原本应当相互咬合，如今却像被人生生掰断，残缺地向四周延伸。石纹深处泛着微弱的光，像是火将熄未熄的余烬。

那光，正在往他身体里退。

某个小村庄的河再次改道时，

村民没有立刻求神。

他们开始争吵、协商、迁移。

过程混乱，代价真实。

但他们记住了那次选择。

第七章｜最后的余辉

很多年后，有孩子在旧城外的路口，

捡到一块会发热的碎石。

碎石不亮，也不回应祈祷。

只是当孩子站在岔路口犹豫时，

碎石会微微变暖。

像是在提醒：

路是你自己选的。

孩子长大后，把碎石丢进河里。

河水没有异样。

但那条路，从此没有再被洪水淹没。

第四卷

结束语

他不在了。

但世界，

第一次不再需要被拯救。

因为他不是当事人。

他只是*

结果*

。

“去看看吧。”

邪神低声道，“城那边，有你该知道的东西。”

他从梦中惊醒。

天将亮未亮。

司命遗脉的人已经不见，只留下一块旧木牌，上面刻着残缺的符号。

木牌在他手中微微发热。

方向，指向北方。

---

## 第五章｜从村子出发

他离开村子时，没有人送。

村民们躲在门后，既庆幸河安了，又害怕他再回来。

他走上通往旧道的山路。

路边的石碑早已倒塌，字迹被风磨平。

但他能“看见”。

看见这里曾是节点，看见这里的龙脉曾经完整、明亮。

也看见，那些断裂之处，正在慢慢滋生新的东西。

不是龙。

也不是神。

而是*

被错误延续下来的世界*

。

他不知道自己最终要做什么。

只知道，有一条线，正在引他前行。

而前方的人，会越来越多。

他们有的想修复龙脉，

有的想利用它，

有的只想证明——

他不知道自己最终要做什么。

只知道，有一条线，正在引他前行。

而前方的人，会越来越多。

他们有的想修复龙脉，

有的想利用它，

有的只想证明——

当年的错，不该由他们来背。**

山风吹过。

他回头，看了一眼来路的小村。

那一刻，他第一次产生了类似“情绪”的东西。

不是眷恋。

而是责任。

---

### 第一卷

结束语

> 他不是救世主。

> 他是龙脉断裂后，世界不得不留下的余辉。

第二卷：城那边的龙

（第二卷

世界展开、阵营登场、主角开始被“选择”）

题注：

龙脉断过一次之后，世界就学会了说谎。

而城，是最擅长说谎的地方。

第一章｜路不再直

北行第三日，路开始变得不对劲。

地图是直的，山是连的，河也按理该向东流。

但他走着走着，总会回到同一块乱石坡前。

不是迷路。

是路在绕开什么。

第七章｜选择开始

司命老者伸出手。

“跟我们合作。”

他说，“修复龙脉，稳定世界。”

“代价呢？”

老者沉默了一瞬。

“你会慢慢消失。”

邪神的声音贴近他耳边。

“或者，跟我。”

“让这个错误的世界，真正断掉一次。”

城外，山行者的营地燃起警示火光。

城内，符阵开始启动。

他站在城心。

第一次意识到——

他不是来冒险的。

他是被世界，推上来的。

第二卷

结束语

城那边确实有龙。

只是那条龙，

早已不知道自己该不该再活一次。+

第三卷：无名之脉

（第三卷

主角自我觉醒，世界观第一次被推翻）

题注：

龙脉并不是一条线。

只是世人习惯，把活着的东西画成线。

第一章｜拒绝两种答案

符阵亮起的那一刻，城开始下沉。

不是坍塌，是一种有节奏的下移，仿佛整座城原本就悬浮在某个看不见的结构之上。

司命老者的声音在回荡：

这是他们与中原人最大的不同。

阿阙拒绝了所有“共主”的提议。

“我们不需要龙选路。”

她说，“我们自己会走。”

龙脉北段逐渐稳定。

不是因为修复，而是因为山行者改变了迁徙方式，避开了那些曾经被过度使用的土地。

他们学会了承认一件事：

有些地方，不该再回去。

他们在旧祖地立起了一块石碑。

上面没有纪念英雄。

只有一句话：

此地曾是路。

现在不是。

第四章｜邪神没有消失

邪神并未被消灭。

这是司命一族最忌讳谈论的事实。

它只是失去了“唯一接口”。

不再通过龙脉直接影响世界。

它开始以更微小、更分散的方式存在——

在人心的选择里。

有人在灾荒中祈求它的帮助；

有人在战乱前向它交换力量；

它不再主动降临。

它开始等。

邪神第一次意识到，

这个世界，不再急着要一个答案。

第五章｜关于他的记载

他没有留下遗体。

也没有留下名字。

而真正的真相，被掩埋了。

“你知道现在外面怎么说吗？”

那人看着他。

“说是*

邪神蛊惑司命一族，伪造天命，害了龙脉*

。”

他沉默。

那道引导在脑海中轻轻一震。

“不全是假话。”**

---

## 第四章｜邪神的低语

那天夜里，他梦见了城。

不是完整的城。

是一座正在下沉的都城。

街道像被水浸泡过的纸，向内塌陷；宫阙歪斜，柱子上缠绕着黑色的影子。

城中心，有一道裂口。

裂口里，有什么东西在“看”。

“你终于醒了。”**

这一次，是声音。

低沉，却温和。

“你们把一切都怪在我身上。”

那声音轻声说，“可当年，是他们自己选择了力量。”

他想反驳，却发现自己没有立场。

因为他不是当事人。

他只是*

结果*

。

“去看看吧。”

邪神低声道，“城那边，有你该知道的东西。”

他从梦中惊醒。

天将亮未亮。

北行第三日，路开始变得不对劲。

地图是直的，山是连的，河也按理该向东流。

但他走着走着，总会回到同一块乱石坡前。

不是迷路。

是路在绕开什么。

那道引导在脑海里沉默得异常，仿佛也在犹豫。直到夜幕降临，天边的云层裂开一道狭长的口子，一线暗红色的光照在前方。

他这才发现——

不是他在兜圈子。

是有一条旧路，被人为掩埋了。

乱石下方，埋着残破的石阶，石阶上刻着极淡的纹路，与他醒来时脚下的石台极其相似。

他蹲下身，指尖贴上石阶。

胸口的余辉轻轻一震。

乱石自行滑落，露出一条通往地下的坡道。

坡道里，有风。

不是死风，是仍在流动的、带着湿土气息的风。

“……龙脉旁道。”

这个词毫无征兆地浮现在他脑海里。

第二章｜走在龙脉边上

龙脉旁道不是隧道。

更像是一条被世界遗忘的脊背。

紧接着，水势被强行压回原道。

河没有完全复原，但暴涨止住了。

村民们跪了一地。

有人喊他“山神”，有人喊他“河君”。

他站在原地，只觉得一阵空虚。

仿佛有什么东西，从他身体里被抽走了。

夜深时，他独自坐在村外。

那道“引导”再次出现。

“你是余辉。”**

“不是人，也不是神。”**

“你是龙脉断裂时，留下的残光。”**

---

## 第三章｜种族与立场

三天后，村里来了外人。

他们穿着制式统一的灰白长袍，衣角绣着已经褪色的符纹。为首的是个中年男人，面容端正，却始终不与人对视。

他们自称——*

司命遗脉*

。

“我们不是官。”

那人说，“也早就没朝廷了。”

司命一族，是*

曾经负责观测天命、维护龙脉的族群*

。

至少，传说里是这么说的。

他们看向他的眼神，与村民不同。

不是敬畏，是审视。

“你不是修行者。”】
2025-12-14 23:04:05.804 | INFO     | ui.npc_generation_page:get_stream_response:23 - 【<class 'langchain_core.messages.ai.AIMessageChunk'>】======>>【```json
{】
2025-12-14 23:04:05.888 | INFO     | ui.npc_generation_page:get_stream_response:23 - 【<class 'langchain_core.messages.ai.AIMessageChunk'>】======>>【
  "name": "守灯",
  "race": "余】
2025-12-14 23:04:06.062 | INFO     | ui.npc_generation_page:get_stream_response:23 - 【<class 'langchain_core.messages.ai.AIMessageChunk'>】======>>【辉之人",
  "personality": "缄默、迟疑、责任】
2025-12-14 23:04:06.408 | INFO     | ui.npc_generation_page:get_stream_response:23 - 【<class 'langchain_core.messages.ai.AIMessageChunk'>】======>>【感、自我怀疑",
  "background": "守灯本是司命一族负责维护龙脉的遗孤，但在一次意外中，他】
2025-12-14 23:04:06.678 | INFO     | ui.npc_generation_page:get_stream_response:23 - 【<class 'langchain_core.messages.ai.AIMessageChunk'>】======>>【发现自己并非“人”，而是龙脉断裂后留下的“余辉”。起初，他茫然无措，在各个势力间游】
2025-12-14 23:04:07.235 | INFO     | ui.npc_generation_page:get_stream_response:23 - 【<class 'langchain_core.messages.ai.AIMessageChunk'>】======>>【走，试图寻找自身存在的意义。直到他亲眼目睹了因龙脉受损而民不聊生的景象，他开始意识到自己身负的责任。如今，他一边压制着体内不稳定的“余辉】
2025-12-14 23:04:07.695 | INFO     | ui.npc_generation_page:get_stream_response:23 - 【<class 'langchain_core.messages.ai.AIMessageChunk'>】======>>【”，一边寻找修复龙脉，守护苍生的方法，尽管他并不确定自己所做的一切是否正确。",
  "opening_line": "（缓缓抬起头，看着你，眼神中带着一丝疑惑）…龙】
2025-12-14 23:04:08.114 | INFO     | ui.npc_generation_page:get_stream_response:23 - 【<class 'langchain_core.messages.ai.AIMessageChunk'>】======>>【脉…又开始震颤了么？"
}
```
】
2025-12-14 23:04:09.260 | INFO     | ui.npc_generation_page:get_stream_response:23 - 【<class 'langchain_core.messages.ai.AIMessageChunk'>】======>>【】
2025-12-14 23:04:09.264 | INFO     | ui.npc_generation_page:get_stream_response:23 - 【<class 'langchain_core.messages.ai.AIMessageChunk'>】======>>【】
2025-12-14 23:04:09.266 | INFO     | ui.npc_generation_page:get_stream_response:23 - 【<class 'langchain_core.messages.tool.ToolMessage'>】======>>【File written successfully to npc.txt.】
2025-12-14 23:04:10.042 | INFO     | ui.npc_generation_page:get_stream_response:23 - 【<class 'langchain_core.messages.ai.AIMessageChunk'>】======>>【角色】
2025-12-14 23:04:10.241 | INFO     | ui.npc_generation_page:get_stream_response:23 - 【<class 'langchain_core.messages.ai.AIMessageChunk'>】======>>【档案已生成并保存至 npc.txt。
】
2025-12-14 23:04:10.244 | INFO     | ui.npc_generation_page:get_stream_response:23 - 【<class 'langchain_core.messages.ai.AIMessageChunk'>】======>>【】
2025-12-14 23:04:27.425 | INFO     | ui.npc_generation_page:get_stream_response:23 - 【<class 'langchain_core.messages.ai.AIMessageChunk'>】======>>【好的】
2025-12-14 23:04:27.656 | INFO     | ui.npc_generation_page:get_stream_response:23 - 【<class 'langchain_core.messages.ai.AIMessageChunk'>】======>>【，没问题。为了更好地设计这位NPC，请先提供之前生成的角色】
2025-12-14 23:04:27.957 | INFO     | ui.npc_generation_page:get_stream_response:23 - 【<class 'langchain_core.messages.ai.AIMessageChunk'>】======>>【信息。我会根据已有角色，设计他的弟弟，并详细描述他们之间的关系和故事】
2025-12-14 23:04:27.992 | INFO     | ui.npc_generation_page:get_stream_response:23 - 【<class 'langchain_core.messages.ai.AIMessageChunk'>】======>>【。】
2025-12-14 23:04:27.996 | INFO     | ui.npc_generation_page:get_stream_response:23 - 【<class 'langchain_core.messages.ai.AIMessageChunk'>】======>>【】
2025-12-14 23:08:37.426 | INFO     | ui.npc_generation_page:get_stream_response:23 - 【<class 'langchain_core.messages.ai.AIMessageChunk'>】======>>【好的】
2025-12-14 23:08:37.575 | INFO     | ui.npc_generation_page:get_stream_response:23 - 【<class 'langchain_core.messages.ai.AIMessageChunk'>】======>>【，没问题。我会先搜索与“司命”相关的背景资料，然后】
2025-12-14 23:08:37.685 | INFO     | ui.npc_generation_page:get_stream_response:23 - 【<class 'langchain_core.messages.ai.AIMessageChunk'>】======>>【据此设计一个角色，最后保存到npc.txt文件中。

】
2025-12-14 23:08:37.809 | INFO     | ui.npc_generation_page:get_stream_response:23 - 【<class 'langchain_core.messages.ai.AIMessageChunk'>】======>>【】
2025-12-14 23:08:37.811 | INFO     | ui.npc_generation_page:get_stream_response:23 - 【<class 'langchain_core.messages.ai.AIMessageChunk'>】======>>【】
2025-12-14 23:08:39.669 | INFO     | ui.npc_generation_page:get_stream_response:23 - 【<class 'langchain_core.messages.tool.ToolMessage'>】======>>【那光，正在往他身体里退。

不是流动，更像是归位。

“……原来在这儿。”

这个念头突兀地出现。

不是声音，没有语气，却让他确信无疑。

他伸出手。

手是人的手，皮肤温热，有脉搏。但当他用力握紧时，指节间有细碎的光点渗出，又迅速消失。

他不知道那是什么。

他只知道，*

他不是在出生*

。

而是在被拼出来。

---

## 第二章｜余辉之人

山外有村。

村子不大，靠着一条改过三次道的河活着。老人说，这河原本不在这儿，是几十年前突然改了流向，把半个祖坟冲没了。

没人敢深究原因。

他们更在意能不能种地。

他是在黄昏时走进村子的。

衣服是从山下拾来的旧布，被他自己随意缠在身上，勉强像个赶路人。村口的老狗先是低声呜咽，随后夹着尾巴退进阴影里。

村民看他的眼神，很快。

一眼，确认是人；

第二眼，确认不是熟人；

第三眼，决定当没看见。

这是乱世里最安全的做法。

好，那我*

正式开写*

。

我们按你选的方案来：*

分卷式创作*

。

下面是——

---

# 第一卷：余辉醒来

（第一卷

完整主线展开，偏世界观与人物奠基）**

> 题注：

>

后来的人都说，那一日没有龙吟。

>

只是山河像被人轻轻推了一下。*

---

## 第一章｜醒在不该醒的地方

他是在*

风声里醒来的*

。

不是春风，也不是山风，而是一种带着细碎沙石的风，像是山体内部长期空洞后，忽然塌陷时产生的回流。

意识最先恢复的不是记忆，而是*

方向感*

。

他不知道自己是谁，却清楚地知道——

脚下这块地，不该有人站着。**

他低头。

脚下是一片裂开的石台，石台上刻满了断裂的纹路，那些纹路原本应当相互咬合，如今却像被人生生掰断，残缺地向四周延伸。石纹深处泛着微弱的光，像是火将熄未熄的余烬。

那光，正在往他身体里退。

某个小村庄的河再次改道时，

村民没有立刻求神。

他们开始争吵、协商、迁移。

过程混乱，代价真实。

但他们记住了那次选择。

第七章｜最后的余辉

很多年后，有孩子在旧城外的路口，

捡到一块会发热的碎石。

碎石不亮，也不回应祈祷。

只是当孩子站在岔路口犹豫时，

碎石会微微变暖。

像是在提醒：

路是你自己选的。

孩子长大后，把碎石丢进河里。

河水没有异样。

但那条路，从此没有再被洪水淹没。

第四卷

结束语

他不在了。

但世界，

第一次不再需要被拯救。

因为他不是当事人。

他只是*

结果*

。

“去看看吧。”

邪神低声道，“城那边，有你该知道的东西。”

他从梦中惊醒。

天将亮未亮。

司命遗脉的人已经不见，只留下一块旧木牌，上面刻着残缺的符号。

木牌在他手中微微发热。

方向，指向北方。

---

## 第五章｜从村子出发

他离开村子时，没有人送。

村民们躲在门后，既庆幸河安了，又害怕他再回来。

他走上通往旧道的山路。

路边的石碑早已倒塌，字迹被风磨平。

但他能“看见”。

看见这里曾是节点，看见这里的龙脉曾经完整、明亮。

也看见，那些断裂之处，正在慢慢滋生新的东西。

不是龙。

也不是神。

而是*

被错误延续下来的世界*

。

他不知道自己最终要做什么。

只知道，有一条线，正在引他前行。

而前方的人，会越来越多。

他们有的想修复龙脉，

有的想利用它，

有的只想证明——

他不知道自己最终要做什么。

只知道，有一条线，正在引他前行。

而前方的人，会越来越多。

他们有的想修复龙脉，

有的想利用它，

有的只想证明——

当年的错，不该由他们来背。**

山风吹过。

他回头，看了一眼来路的小村。

那一刻，他第一次产生了类似“情绪”的东西。

不是眷恋。

而是责任。

---

### 第一卷

结束语

> 他不是救世主。

> 他是龙脉断裂后，世界不得不留下的余辉。

第二卷：城那边的龙

（第二卷

世界展开、阵营登场、主角开始被“选择”）

题注：

龙脉断过一次之后，世界就学会了说谎。

而城，是最擅长说谎的地方。

第一章｜路不再直

北行第三日，路开始变得不对劲。

地图是直的，山是连的，河也按理该向东流。

但他走着走着，总会回到同一块乱石坡前。

不是迷路。

是路在绕开什么。

第七章｜选择开始

司命老者伸出手。

“跟我们合作。”

他说，“修复龙脉，稳定世界。”

“代价呢？”

老者沉默了一瞬。

“你会慢慢消失。”

邪神的声音贴近他耳边。

“或者，跟我。”

“让这个错误的世界，真正断掉一次。”

城外，山行者的营地燃起警示火光。

城内，符阵开始启动。

他站在城心。

第一次意识到——

他不是来冒险的。

他是被世界，推上来的。

第二卷

结束语

城那边确实有龙。

只是那条龙，

早已不知道自己该不该再活一次。+

第三卷：无名之脉

（第三卷

主角自我觉醒，世界观第一次被推翻）

题注：

龙脉并不是一条线。

只是世人习惯，把活着的东西画成线。

第一章｜拒绝两种答案

符阵亮起的那一刻，城开始下沉。

不是坍塌，是一种有节奏的下移，仿佛整座城原本就悬浮在某个看不见的结构之上。

司命老者的声音在回荡：

这是他们与中原人最大的不同。

阿阙拒绝了所有“共主”的提议。

“我们不需要龙选路。”

她说，“我们自己会走。”

龙脉北段逐渐稳定。

不是因为修复，而是因为山行者改变了迁徙方式，避开了那些曾经被过度使用的土地。

他们学会了承认一件事：

有些地方，不该再回去。

他们在旧祖地立起了一块石碑。

上面没有纪念英雄。

只有一句话：

此地曾是路。

现在不是。

第四章｜邪神没有消失

邪神并未被消灭。

这是司命一族最忌讳谈论的事实。

它只是失去了“唯一接口”。

不再通过龙脉直接影响世界。

它开始以更微小、更分散的方式存在——

在人心的选择里。

有人在灾荒中祈求它的帮助；

有人在战乱前向它交换力量；

它不再主动降临。

它开始等。

邪神第一次意识到，

这个世界，不再急着要一个答案。

第五章｜关于他的记载

他没有留下遗体。

也没有留下名字。

而真正的真相，被掩埋了。

“你知道现在外面怎么说吗？”

那人看着他。

“说是*

邪神蛊惑司命一族，伪造天命，害了龙脉*

。”

他沉默。

那道引导在脑海中轻轻一震。

“不全是假话。”**

---

## 第四章｜邪神的低语

那天夜里，他梦见了城。

不是完整的城。

是一座正在下沉的都城。

街道像被水浸泡过的纸，向内塌陷；宫阙歪斜，柱子上缠绕着黑色的影子。

城中心，有一道裂口。

裂口里，有什么东西在“看”。

“你终于醒了。”**

这一次，是声音。

低沉，却温和。

“你们把一切都怪在我身上。”

那声音轻声说，“可当年，是他们自己选择了力量。”

他想反驳，却发现自己没有立场。

因为他不是当事人。

他只是*

结果*

。

“去看看吧。”

邪神低声道，“城那边，有你该知道的东西。”

他从梦中惊醒。

天将亮未亮。

北行第三日，路开始变得不对劲。

地图是直的，山是连的，河也按理该向东流。

但他走着走着，总会回到同一块乱石坡前。

不是迷路。

是路在绕开什么。

那道引导在脑海里沉默得异常，仿佛也在犹豫。直到夜幕降临，天边的云层裂开一道狭长的口子，一线暗红色的光照在前方。

他这才发现——

不是他在兜圈子。

是有一条旧路，被人为掩埋了。

乱石下方，埋着残破的石阶，石阶上刻着极淡的纹路，与他醒来时脚下的石台极其相似。

他蹲下身，指尖贴上石阶。

胸口的余辉轻轻一震。

乱石自行滑落，露出一条通往地下的坡道。

坡道里，有风。

不是死风，是仍在流动的、带着湿土气息的风。

“……龙脉旁道。”

这个词毫无征兆地浮现在他脑海里。

第二章｜走在龙脉边上

龙脉旁道不是隧道。

更像是一条被世界遗忘的脊背。

紧接着，水势被强行压回原道。

河没有完全复原，但暴涨止住了。

村民们跪了一地。

有人喊他“山神”，有人喊他“河君”。

他站在原地，只觉得一阵空虚。

仿佛有什么东西，从他身体里被抽走了。

夜深时，他独自坐在村外。

那道“引导”再次出现。

“你是余辉。”**

“不是人，也不是神。”**

“你是龙脉断裂时，留下的残光。”**

---

## 第三章｜种族与立场

三天后，村里来了外人。

他们穿着制式统一的灰白长袍，衣角绣着已经褪色的符纹。为首的是个中年男人，面容端正，却始终不与人对视。

他们自称——*

司命遗脉*

。

“我们不是官。”

那人说，“也早就没朝廷了。”

司命一族，是*

曾经负责观测天命、维护龙脉的族群*

。

至少，传说里是这么说的。

他们看向他的眼神，与村民不同。

不是敬畏，是审视。

“你不是修行者。”】
2025-12-14 23:08:40.347 | INFO     | ui.npc_generation_page:get_stream_response:23 - 【<class 'langchain_core.messages.ai.AIMessageChunk'>】======>>【好的】
2025-12-14 23:08:40.515 | INFO     | ui.npc_generation_page:get_stream_response:23 - 【<class 'langchain_core.messages.ai.AIMessageChunk'>】======>>【，根据搜索结果，我来为你设计一个符合背景故事的司命老者角色】
2025-12-14 23:08:40.687 | INFO     | ui.npc_generation_page:get_stream_response:23 - 【<class 'langchain_core.messages.ai.AIMessageChunk'>】======>>【。

```json
{
  "name": "墨渊",
  】
2025-12-14 23:08:40.940 | INFO     | ui.npc_generation_page:get_stream_response:23 - 【<class 'langchain_core.messages.ai.AIMessageChunk'>】======>>【"race": "司命遗族",
  "personality": "沉稳内敛、悲天悯人、略带疲惫、偶有】
2025-12-14 23:08:41.194 | INFO     | ui.npc_generation_page:get_stream_response:23 - 【<class 'langchain_core.messages.ai.AIMessageChunk'>】======>>【锋芒",
  "background": "墨渊曾是司命一族中最有天赋的年轻一代，肩负着修复龙脉、稳定】
2025-12-14 23:08:41.598 | INFO     | ui.npc_generation_page:get_stream_response:23 - 【<class 'langchain_core.messages.ai.AIMessageChunk'>】======>>【世界的重任。然而，在一次关键的仪式中，龙脉彻底断裂，他亲眼目睹了族人的牺牲和信仰的崩塌。此后，墨渊带着残余的族人隐姓埋】
2025-12-14 23:08:42.074 | INFO     | ui.npc_generation_page:get_stream_response:23 - 【<class 'langchain_core.messages.ai.AIMessageChunk'>】======>>【名，苟延残喘。为了弥补当年的过错，他一直在暗中寻找修复龙脉的希望，即使希望渺茫，也从未放弃。他坚信自己是龙脉断裂后，世界不得不留】
2025-12-14 23:08:42.862 | INFO     | ui.npc_generation_page:get_stream_response:23 - 【<class 'langchain_core.messages.ai.AIMessageChunk'>】======>>【下的余辉，必须为这个错误延续下来的世界负责。\n\n他的核心行动动机是：引导“余辉之人”修复龙脉，即使这意味着他将再次面对过去的痛苦，甚至付出自己的生命。",
  "opening_line": "（抬头，目光穿过破旧的木】
2025-12-14 23:08:43.470 | INFO     | ui.npc_generation_page:get_stream_response:23 - 【<class 'langchain_core.messages.ai.AIMessageChunk'>】======>>【屋，落在远方扭曲的天空）…天要变了，比当年龙脉断裂时，还要糟糕。"
}
```

我已根据背景资料，创建了一个司命老者的角色档案。现在是否需要保存到文件中？
】
2025-12-14 23:08:43.479 | INFO     | ui.npc_generation_page:get_stream_response:23 - 【<class 'langchain_core.messages.ai.AIMessageChunk'>】======>>【】
2025-12-14 23:11:10.764 | INFO     | ui.npc_generation_page:get_stream_response:25 - 【<class 'langchain_core.messages.ai.AIMessageChunk'>】======>>【好的，没】
2025-12-14 23:11:10.922 | INFO     | ui.npc_generation_page:get_stream_response:25 - 【<class 'langchain_core.messages.ai.AIMessageChunk'>】======>>【问题。我会先搜索与“司命”相关的背景资料，然后据】
2025-12-14 23:11:11.190 | INFO     | ui.npc_generation_page:get_stream_response:25 - 【<class 'langchain_core.messages.ai.AIMessageChunk'>】======>>【此设计一个NPC角色，最后保存到 `npc.txt` 文件中。

】
2025-12-14 23:11:11.545 | INFO     | ui.npc_generation_page:get_stream_response:25 - 【<class 'langchain_core.messages.ai.AIMessageChunk'>】======>>【】
2025-12-14 23:11:11.545 | INFO     | ui.npc_generation_page:get_stream_response:25 - 【<class 'langchain_core.messages.ai.AIMessageChunk'>】======>>【】
2025-12-14 23:11:12.493 | INFO     | ui.npc_generation_page:get_stream_response:25 - 【<class 'langchain_core.messages.tool.ToolMessage'>】======>>【那光，正在往他身体里退。

不是流动，更像是归位。

“……原来在这儿。”

这个念头突兀地出现。

不是声音，没有语气，却让他确信无疑。

他伸出手。

手是人的手，皮肤温热，有脉搏。但当他用力握紧时，指节间有细碎的光点渗出，又迅速消失。

他不知道那是什么。

他只知道，*

他不是在出生*

。

而是在被拼出来。

---

## 第二章｜余辉之人

山外有村。

村子不大，靠着一条改过三次道的河活着。老人说，这河原本不在这儿，是几十年前突然改了流向，把半个祖坟冲没了。

没人敢深究原因。

他们更在意能不能种地。

他是在黄昏时走进村子的。

衣服是从山下拾来的旧布，被他自己随意缠在身上，勉强像个赶路人。村口的老狗先是低声呜咽，随后夹着尾巴退进阴影里。

村民看他的眼神，很快。

一眼，确认是人；

第二眼，确认不是熟人；

第三眼，决定当没看见。

这是乱世里最安全的做法。

好，那我*

正式开写*

。

我们按你选的方案来：*

分卷式创作*

。

下面是——

---

# 第一卷：余辉醒来

（第一卷

完整主线展开，偏世界观与人物奠基）**

> 题注：

>

后来的人都说，那一日没有龙吟。

>

只是山河像被人轻轻推了一下。*

---

## 第一章｜醒在不该醒的地方

他是在*

风声里醒来的*

。

不是春风，也不是山风，而是一种带着细碎沙石的风，像是山体内部长期空洞后，忽然塌陷时产生的回流。

意识最先恢复的不是记忆，而是*

方向感*

。

他不知道自己是谁，却清楚地知道——

脚下这块地，不该有人站着。**

他低头。

脚下是一片裂开的石台，石台上刻满了断裂的纹路，那些纹路原本应当相互咬合，如今却像被人生生掰断，残缺地向四周延伸。石纹深处泛着微弱的光，像是火将熄未熄的余烬。

那光，正在往他身体里退。

某个小村庄的河再次改道时，

村民没有立刻求神。

他们开始争吵、协商、迁移。

过程混乱，代价真实。

但他们记住了那次选择。

第七章｜最后的余辉

很多年后，有孩子在旧城外的路口，

捡到一块会发热的碎石。

碎石不亮，也不回应祈祷。

只是当孩子站在岔路口犹豫时，

碎石会微微变暖。

像是在提醒：

路是你自己选的。

孩子长大后，把碎石丢进河里。

河水没有异样。

但那条路，从此没有再被洪水淹没。

第四卷

结束语

他不在了。

但世界，

第一次不再需要被拯救。

因为他不是当事人。

他只是*

结果*

。

“去看看吧。”

邪神低声道，“城那边，有你该知道的东西。”

他从梦中惊醒。

天将亮未亮。

司命遗脉的人已经不见，只留下一块旧木牌，上面刻着残缺的符号。

木牌在他手中微微发热。

方向，指向北方。

---

## 第五章｜从村子出发

他离开村子时，没有人送。

村民们躲在门后，既庆幸河安了，又害怕他再回来。

他走上通往旧道的山路。

路边的石碑早已倒塌，字迹被风磨平。

但他能“看见”。

看见这里曾是节点，看见这里的龙脉曾经完整、明亮。

也看见，那些断裂之处，正在慢慢滋生新的东西。

不是龙。

也不是神。

而是*

被错误延续下来的世界*

。

他不知道自己最终要做什么。

只知道，有一条线，正在引他前行。

而前方的人，会越来越多。

他们有的想修复龙脉，

有的想利用它，

有的只想证明——

他不知道自己最终要做什么。

只知道，有一条线，正在引他前行。

而前方的人，会越来越多。

他们有的想修复龙脉，

有的想利用它，

有的只想证明——

当年的错，不该由他们来背。**

山风吹过。

他回头，看了一眼来路的小村。

那一刻，他第一次产生了类似“情绪”的东西。

不是眷恋。

而是责任。

---

### 第一卷

结束语

> 他不是救世主。

> 他是龙脉断裂后，世界不得不留下的余辉。

第二卷：城那边的龙

（第二卷

世界展开、阵营登场、主角开始被“选择”）

题注：

龙脉断过一次之后，世界就学会了说谎。

而城，是最擅长说谎的地方。

第一章｜路不再直

北行第三日，路开始变得不对劲。

地图是直的，山是连的，河也按理该向东流。

但他走着走着，总会回到同一块乱石坡前。

不是迷路。

是路在绕开什么。

第七章｜选择开始

司命老者伸出手。

“跟我们合作。”

他说，“修复龙脉，稳定世界。”

“代价呢？”

老者沉默了一瞬。

“你会慢慢消失。”

邪神的声音贴近他耳边。

“或者，跟我。”

“让这个错误的世界，真正断掉一次。”

城外，山行者的营地燃起警示火光。

城内，符阵开始启动。

他站在城心。

第一次意识到——

他不是来冒险的。

他是被世界，推上来的。

第二卷

结束语

城那边确实有龙。

只是那条龙，

早已不知道自己该不该再活一次。+

第三卷：无名之脉

（第三卷

主角自我觉醒，世界观第一次被推翻）

题注：

龙脉并不是一条线。

只是世人习惯，把活着的东西画成线。

第一章｜拒绝两种答案

符阵亮起的那一刻，城开始下沉。

不是坍塌，是一种有节奏的下移，仿佛整座城原本就悬浮在某个看不见的结构之上。

司命老者的声音在回荡：

这是他们与中原人最大的不同。

阿阙拒绝了所有“共主”的提议。

“我们不需要龙选路。”

她说，“我们自己会走。”

龙脉北段逐渐稳定。

不是因为修复，而是因为山行者改变了迁徙方式，避开了那些曾经被过度使用的土地。

他们学会了承认一件事：

有些地方，不该再回去。

他们在旧祖地立起了一块石碑。

上面没有纪念英雄。

只有一句话：

此地曾是路。

现在不是。

第四章｜邪神没有消失

邪神并未被消灭。

这是司命一族最忌讳谈论的事实。

它只是失去了“唯一接口”。

不再通过龙脉直接影响世界。

它开始以更微小、更分散的方式存在——

在人心的选择里。

有人在灾荒中祈求它的帮助；

有人在战乱前向它交换力量；

它不再主动降临。

它开始等。

邪神第一次意识到，

这个世界，不再急着要一个答案。

第五章｜关于他的记载

他没有留下遗体。

也没有留下名字。

而真正的真相，被掩埋了。

“你知道现在外面怎么说吗？”

那人看着他。

“说是*

邪神蛊惑司命一族，伪造天命，害了龙脉*

。”

他沉默。

那道引导在脑海中轻轻一震。

“不全是假话。”**

---

## 第四章｜邪神的低语

那天夜里，他梦见了城。

不是完整的城。

是一座正在下沉的都城。

街道像被水浸泡过的纸，向内塌陷；宫阙歪斜，柱子上缠绕着黑色的影子。

城中心，有一道裂口。

裂口里，有什么东西在“看”。

“你终于醒了。”**

这一次，是声音。

低沉，却温和。

“你们把一切都怪在我身上。”

那声音轻声说，“可当年，是他们自己选择了力量。”

他想反驳，却发现自己没有立场。

因为他不是当事人。

他只是*

结果*

。

“去看看吧。”

邪神低声道，“城那边，有你该知道的东西。”

他从梦中惊醒。

天将亮未亮。

北行第三日，路开始变得不对劲。

地图是直的，山是连的，河也按理该向东流。

但他走着走着，总会回到同一块乱石坡前。

不是迷路。

是路在绕开什么。

那道引导在脑海里沉默得异常，仿佛也在犹豫。直到夜幕降临，天边的云层裂开一道狭长的口子，一线暗红色的光照在前方。

他这才发现——

不是他在兜圈子。

是有一条旧路，被人为掩埋了。

乱石下方，埋着残破的石阶，石阶上刻着极淡的纹路，与他醒来时脚下的石台极其相似。

他蹲下身，指尖贴上石阶。

胸口的余辉轻轻一震。

乱石自行滑落，露出一条通往地下的坡道。

坡道里，有风。

不是死风，是仍在流动的、带着湿土气息的风。

“……龙脉旁道。”

这个词毫无征兆地浮现在他脑海里。

第二章｜走在龙脉边上

龙脉旁道不是隧道。

更像是一条被世界遗忘的脊背。

紧接着，水势被强行压回原道。

河没有完全复原，但暴涨止住了。

村民们跪了一地。

有人喊他“山神”，有人喊他“河君”。

他站在原地，只觉得一阵空虚。

仿佛有什么东西，从他身体里被抽走了。

夜深时，他独自坐在村外。

那道“引导”再次出现。

“你是余辉。”**

“不是人，也不是神。”**

“你是龙脉断裂时，留下的残光。”**

---

## 第三章｜种族与立场

三天后，村里来了外人。

他们穿着制式统一的灰白长袍，衣角绣着已经褪色的符纹。为首的是个中年男人，面容端正，却始终不与人对视。

他们自称——*

司命遗脉*

。

“我们不是官。”

那人说，“也早就没朝廷了。”

司命一族，是*

曾经负责观测天命、维护龙脉的族群*

。

至少，传说里是这么说的。

他们看向他的眼神，与村民不同。

不是敬畏，是审视。

“你不是修行者。”】
2025-12-14 23:11:13.177 | INFO     | ui.npc_generation_page:get_stream_response:25 - 【<class 'langchain_core.messages.ai.AIMessageChunk'>】======>>【好的】
2025-12-14 23:11:13.375 | INFO     | ui.npc_generation_page:get_stream_response:25 - 【<class 'langchain_core.messages.ai.AIMessageChunk'>】======>>【，根据搜索结果，我来为你创建一个司命老者的角色档案。

】
2025-12-14 23:11:13.684 | INFO     | ui.npc_generation_page:get_stream_response:25 - 【<class 'langchain_core.messages.ai.AIMessageChunk'>】======>>【```json
{
  "name": "穆宁",
  "race】
2025-12-14 23:11:14.048 | INFO     | ui.npc_generation_page:get_stream_response:25 - 【<class 'langchain_core.messages.ai.AIMessageChunk'>】======>>【": "司命遗脉",
  "personality": "沉稳、守旧、责任感强、略带悲观",
  "background": "】
2025-12-14 23:11:14.736 | INFO     | ui.npc_generation_page:get_stream_response:25 - 【<class 'langchain_core.messages.ai.AIMessageChunk'>】======>>【穆宁本是司命一族中天赋异禀的后裔，肩负着修复龙脉、稳定世界的重任。然而，在一次】
2025-12-14 23:11:15.158 | INFO     | ui.npc_generation_page:get_stream_response:25 - 【<class 'langchain_core.messages.ai.AIMessageChunk'>】======>>【大型仪式中，龙脉意外断裂，族人指责他是邪神蛊惑，伪造天命。尽管他侥幸存活，却失去了力量，只能隐姓埋名，苟延残喘。为了】
2025-12-14 23:11:15.783 | INFO     | ui.npc_generation_page:get_stream_response:25 - 【<class 'langchain_core.messages.ai.AIMessageChunk'>】======>>【查明龙脉断裂的真相，也为了证明自己并非罪人，他耗尽余生，试图重新连接龙脉，即使知道自己会因此慢慢消失。",
  "opening_line": "（抬头，】
2025-12-14 23:11:16.614 | INFO     | ui.npc_generation_page:get_stream_response:25 - 【<class 'langchain_core.messages.ai.AIMessageChunk'>】======>>【浑浊的双眼盯着你）龙脉...又开始异动了吗..."
}
```

现在是否将此角色信息保存到 `npc.txt` 文件中？
】
2025-12-14 23:11:17.288 | INFO     | ui.npc_generation_page:get_stream_response:25 - 【<class 'langchain_core.messages.ai.AIMessageChunk'>】======>>【】
2025-12-14 23:11:34.614 | INFO     | ui.npc_generation_page:get_stream_response:25 - 【<class 'langchain_core.messages.ai.AIMessageChunk'>】======>>【请】
2025-12-14 23:11:34.774 | INFO     | ui.npc_generation_page:get_stream_response:25 - 【<class 'langchain_core.messages.ai.AIMessageChunk'>】======>>【先创建符合要求的NPC角色档案，再执行保存操作。
】
2025-12-14 23:11:35.045 | INFO     | ui.npc_generation_page:get_stream_response:25 - 【<class 'langchain_core.messages.ai.AIMessageChunk'>】======>>【】
2025-12-14 23:15:04.283 | INFO     | ui.npc_generation_page:get_stream_response:26 - 【<class 'langchain_core.messages.ai.AIMessageChunk'>】======>>【好的】
2025-12-14 23:15:04.442 | INFO     | ui.npc_generation_page:get_stream_response:26 - 【<class 'langchain_core.messages.ai.AIMessageChunk'>】======>>【，没问题。我会先搜索司命相关的背景资料，然后根据搜索结果构建】
2025-12-14 23:15:04.769 | INFO     | ui.npc_generation_page:get_stream_response:26 - 【<class 'langchain_core.messages.ai.AIMessageChunk'>】======>>【角色档案，最后保存到 `npc.txt` 文件中。

】
2025-12-14 23:15:05.062 | INFO     | ui.npc_generation_page:get_stream_response:26 - 【<class 'langchain_core.messages.ai.AIMessageChunk'>】======>>【】
2025-12-14 23:15:05.063 | INFO     | ui.npc_generation_page:get_stream_response:26 - 【<class 'langchain_core.messages.ai.AIMessageChunk'>】======>>【】
2025-12-14 23:15:06.644 | INFO     | ui.npc_generation_page:get_stream_response:26 - 【<class 'langchain_core.messages.tool.ToolMessage'>】======>>【那光，正在往他身体里退。

不是流动，更像是归位。

“……原来在这儿。”

这个念头突兀地出现。

不是声音，没有语气，却让他确信无疑。

他伸出手。

手是人的手，皮肤温热，有脉搏。但当他用力握紧时，指节间有细碎的光点渗出，又迅速消失。

他不知道那是什么。

他只知道，*

他不是在出生*

。

而是在被拼出来。

---

## 第二章｜余辉之人

山外有村。

村子不大，靠着一条改过三次道的河活着。老人说，这河原本不在这儿，是几十年前突然改了流向，把半个祖坟冲没了。

没人敢深究原因。

他们更在意能不能种地。

他是在黄昏时走进村子的。

衣服是从山下拾来的旧布，被他自己随意缠在身上，勉强像个赶路人。村口的老狗先是低声呜咽，随后夹着尾巴退进阴影里。

村民看他的眼神，很快。

一眼，确认是人；

第二眼，确认不是熟人；

第三眼，决定当没看见。

这是乱世里最安全的做法。

好，那我*

正式开写*

。

我们按你选的方案来：*

分卷式创作*

。

下面是——

---

# 第一卷：余辉醒来

（第一卷

完整主线展开，偏世界观与人物奠基）**

> 题注：

>

后来的人都说，那一日没有龙吟。

>

只是山河像被人轻轻推了一下。*

---

## 第一章｜醒在不该醒的地方

他是在*

风声里醒来的*

。

不是春风，也不是山风，而是一种带着细碎沙石的风，像是山体内部长期空洞后，忽然塌陷时产生的回流。

意识最先恢复的不是记忆，而是*

方向感*

。

他不知道自己是谁，却清楚地知道——

脚下这块地，不该有人站着。**

他低头。

脚下是一片裂开的石台，石台上刻满了断裂的纹路，那些纹路原本应当相互咬合，如今却像被人生生掰断，残缺地向四周延伸。石纹深处泛着微弱的光，像是火将熄未熄的余烬。

那光，正在往他身体里退。

某个小村庄的河再次改道时，

村民没有立刻求神。

他们开始争吵、协商、迁移。

过程混乱，代价真实。

但他们记住了那次选择。

第七章｜最后的余辉

很多年后，有孩子在旧城外的路口，

捡到一块会发热的碎石。

碎石不亮，也不回应祈祷。

只是当孩子站在岔路口犹豫时，

碎石会微微变暖。

像是在提醒：

路是你自己选的。

孩子长大后，把碎石丢进河里。

河水没有异样。

但那条路，从此没有再被洪水淹没。

第四卷

结束语

他不在了。

但世界，

第一次不再需要被拯救。

因为他不是当事人。

他只是*

结果*

。

“去看看吧。”

邪神低声道，“城那边，有你该知道的东西。”

他从梦中惊醒。

天将亮未亮。

司命遗脉的人已经不见，只留下一块旧木牌，上面刻着残缺的符号。

木牌在他手中微微发热。

方向，指向北方。

---

## 第五章｜从村子出发

他离开村子时，没有人送。

村民们躲在门后，既庆幸河安了，又害怕他再回来。

他走上通往旧道的山路。

路边的石碑早已倒塌，字迹被风磨平。

但他能“看见”。

看见这里曾是节点，看见这里的龙脉曾经完整、明亮。

也看见，那些断裂之处，正在慢慢滋生新的东西。

不是龙。

也不是神。

而是*

被错误延续下来的世界*

。

他不知道自己最终要做什么。

只知道，有一条线，正在引他前行。

而前方的人，会越来越多。

他们有的想修复龙脉，

有的想利用它，

有的只想证明——

他不知道自己最终要做什么。

只知道，有一条线，正在引他前行。

而前方的人，会越来越多。

他们有的想修复龙脉，

有的想利用它，

有的只想证明——

当年的错，不该由他们来背。**

山风吹过。

他回头，看了一眼来路的小村。

那一刻，他第一次产生了类似“情绪”的东西。

不是眷恋。

而是责任。

---

### 第一卷

结束语

> 他不是救世主。

> 他是龙脉断裂后，世界不得不留下的余辉。

第二卷：城那边的龙

（第二卷

世界展开、阵营登场、主角开始被“选择”）

题注：

龙脉断过一次之后，世界就学会了说谎。

而城，是最擅长说谎的地方。

第一章｜路不再直

北行第三日，路开始变得不对劲。

地图是直的，山是连的，河也按理该向东流。

但他走着走着，总会回到同一块乱石坡前。

不是迷路。

是路在绕开什么。

第七章｜选择开始

司命老者伸出手。

“跟我们合作。”

他说，“修复龙脉，稳定世界。”

“代价呢？”

老者沉默了一瞬。

“你会慢慢消失。”

邪神的声音贴近他耳边。

“或者，跟我。”

“让这个错误的世界，真正断掉一次。”

城外，山行者的营地燃起警示火光。

城内，符阵开始启动。

他站在城心。

第一次意识到——

他不是来冒险的。

他是被世界，推上来的。

第二卷

结束语

城那边确实有龙。

只是那条龙，

早已不知道自己该不该再活一次。+

第三卷：无名之脉

（第三卷

主角自我觉醒，世界观第一次被推翻）

题注：

龙脉并不是一条线。

只是世人习惯，把活着的东西画成线。

第一章｜拒绝两种答案

符阵亮起的那一刻，城开始下沉。

不是坍塌，是一种有节奏的下移，仿佛整座城原本就悬浮在某个看不见的结构之上。

司命老者的声音在回荡：

这是他们与中原人最大的不同。

阿阙拒绝了所有“共主”的提议。

“我们不需要龙选路。”

她说，“我们自己会走。”

龙脉北段逐渐稳定。

不是因为修复，而是因为山行者改变了迁徙方式，避开了那些曾经被过度使用的土地。

他们学会了承认一件事：

有些地方，不该再回去。

他们在旧祖地立起了一块石碑。

上面没有纪念英雄。

只有一句话：

此地曾是路。

现在不是。

第四章｜邪神没有消失

邪神并未被消灭。

这是司命一族最忌讳谈论的事实。

它只是失去了“唯一接口”。

不再通过龙脉直接影响世界。

它开始以更微小、更分散的方式存在——

在人心的选择里。

有人在灾荒中祈求它的帮助；

有人在战乱前向它交换力量；

它不再主动降临。

它开始等。

邪神第一次意识到，

这个世界，不再急着要一个答案。

第五章｜关于他的记载

他没有留下遗体。

也没有留下名字。

而真正的真相，被掩埋了。

“你知道现在外面怎么说吗？”

那人看着他。

“说是*

邪神蛊惑司命一族，伪造天命，害了龙脉*

。”

他沉默。

那道引导在脑海中轻轻一震。

“不全是假话。”**

---

## 第四章｜邪神的低语

那天夜里，他梦见了城。

不是完整的城。

是一座正在下沉的都城。

街道像被水浸泡过的纸，向内塌陷；宫阙歪斜，柱子上缠绕着黑色的影子。

城中心，有一道裂口。

裂口里，有什么东西在“看”。

“你终于醒了。”**

这一次，是声音。

低沉，却温和。

“你们把一切都怪在我身上。”

那声音轻声说，“可当年，是他们自己选择了力量。”

他想反驳，却发现自己没有立场。

因为他不是当事人。

他只是*

结果*

。

“去看看吧。”

邪神低声道，“城那边，有你该知道的东西。”

他从梦中惊醒。

天将亮未亮。

北行第三日，路开始变得不对劲。

地图是直的，山是连的，河也按理该向东流。

但他走着走着，总会回到同一块乱石坡前。

不是迷路。

是路在绕开什么。

那道引导在脑海里沉默得异常，仿佛也在犹豫。直到夜幕降临，天边的云层裂开一道狭长的口子，一线暗红色的光照在前方。

他这才发现——

不是他在兜圈子。

是有一条旧路，被人为掩埋了。

乱石下方，埋着残破的石阶，石阶上刻着极淡的纹路，与他醒来时脚下的石台极其相似。

他蹲下身，指尖贴上石阶。

胸口的余辉轻轻一震。

乱石自行滑落，露出一条通往地下的坡道。

坡道里，有风。

不是死风，是仍在流动的、带着湿土气息的风。

“……龙脉旁道。”

这个词毫无征兆地浮现在他脑海里。

第二章｜走在龙脉边上

龙脉旁道不是隧道。

更像是一条被世界遗忘的脊背。

紧接着，水势被强行压回原道。

河没有完全复原，但暴涨止住了。

村民们跪了一地。

有人喊他“山神”，有人喊他“河君”。

他站在原地，只觉得一阵空虚。

仿佛有什么东西，从他身体里被抽走了。

夜深时，他独自坐在村外。

那道“引导”再次出现。

“你是余辉。”**

“不是人，也不是神。”**

“你是龙脉断裂时，留下的残光。”**

---

## 第三章｜种族与立场

三天后，村里来了外人。

他们穿着制式统一的灰白长袍，衣角绣着已经褪色的符纹。为首的是个中年男人，面容端正，却始终不与人对视。

他们自称——*

司命遗脉*

。

“我们不是官。”

那人说，“也早就没朝廷了。”

司命一族，是*

曾经负责观测天命、维护龙脉的族群*

。

至少，传说里是这么说的。

他们看向他的眼神，与村民不同。

不是敬畏，是审视。

“你不是修行者。”】
2025-12-14 23:15:07.351 | INFO     | ui.npc_generation_page:get_stream_response:26 - 【<class 'langchain_core.messages.ai.AIMessageChunk'>】======>>【好的，根据搜索】
2025-12-14 23:15:07.451 | INFO     | ui.npc_generation_page:get_stream_response:26 - 【<class 'langchain_core.messages.ai.AIMessageChunk'>】======>>【到的背景资料，我为你设计一个司命老者的角色档案：

```json
】
2025-12-14 23:15:07.819 | INFO     | ui.npc_generation_page:get_stream_response:26 - 【<class 'langchain_core.messages.ai.AIMessageChunk'>】======>>【{
  "name": "凛川",
  "race": "司】
2025-12-14 23:15:08.143 | INFO     | ui.npc_generation_page:get_stream_response:26 - 【<class 'langchain_core.messages.ai.AIMessageChunk'>】======>>【命遗族",
  "personality": "隐忍、博学、悲悯、守旧",
  "background": "凛川是司命一】
2025-12-14 23:15:08.811 | INFO     | ui.npc_generation_page:get_stream_response:26 - 【<class 'langchain_core.messages.ai.AIMessageChunk'>】======>>【族的遗老，亲历了龙脉断裂后的衰败。当年，族人试图利用邪神力量修复龙脉，反遭噬，凛】
2025-12-14 23:15:09.245 | INFO     | ui.npc_generation_page:get_stream_response:26 - 【<class 'langchain_core.messages.ai.AIMessageChunk'>】======>>【川侥幸逃脱，苟延残喘至今。他坚信龙脉可以修复，世界可以重回正轨，为此耗尽心力寻找“余辉”之人，希望借助其力量完成使命。但他内心】
2025-12-14 23:15:09.941 | INFO     | ui.npc_generation_page:get_stream_response:26 - 【<class 'langchain_core.messages.ai.AIMessageChunk'>】======>>【也清楚，这或许只是一个注定失败的挣扎，而他所做的一切，可能只是在加速自身的消亡。",
  "opening_line": "（拄着拐杖，抬头望向远方破】
2025-12-14 23:15:10.749 | INFO     | ui.npc_generation_page:get_stream_response:26 - 【<class 'langchain_core.messages.ai.AIMessageChunk'>】======>>【败的祭坛）…又是一年了，星象依旧浑浊，龙脉…还能等到重见天日的那天吗…"
}
```

我将把它保存到 `npc.txt` 中。
】
2025-12-14 23:15:11.460 | INFO     | ui.npc_generation_page:get_stream_response:26 - 【<class 'langchain_core.messages.ai.AIMessageChunk'>】======>>【】
2025-12-14 23:15:11.461 | INFO     | ui.npc_generation_page:get_stream_response:26 - 【<class 'langchain_core.messages.ai.AIMessageChunk'>】======>>【】
2025-12-14 23:15:11.465 | INFO     | ui.npc_generation_page:get_stream_response:26 - 【<class 'langchain_core.messages.tool.ToolMessage'>】======>>【File written successfully to npc.txt.】
2025-12-14 23:15:12.145 | INFO     | ui.npc_generation_page:get_stream_response:26 - 【<class 'langchain_core.messages.ai.AIMessageChunk'>】======>>【角色】
2025-12-14 23:15:12.296 | INFO     | ui.npc_generation_page:get_stream_response:26 - 【<class 'langchain_core.messages.ai.AIMessageChunk'>】======>>【档案已生成并追加保存至 npc.txt。
】
2025-12-14 23:15:12.524 | INFO     | ui.npc_generation_page:get_stream_response:26 - 【<class 'langchain_core.messages.ai.AIMessageChunk'>】======>>【】
2025-12-14 23:17:50.107 | INFO     | ui.npc_generation_page:get_stream_response:26 - 【<class 'langchain_core.messages.ai.AIMessageChunk'>】======>>【】
2025-12-14 23:17:50.111 | INFO     | ui.npc_generation_page:get_stream_response:26 - 【<class 'langchain_core.messages.ai.AIMessageChunk'>】======>>【】
2025-12-14 23:17:50.954 | INFO     | ui.npc_generation_page:get_stream_response:26 - 【<class 'langchain_core.messages.tool.ToolMessage'>】======>>【某个小村庄的河再次改道时，

村民没有立刻求神。

他们开始争吵、协商、迁移。

过程混乱，代价真实。

但他们记住了那次选择。

第七章｜最后的余辉

很多年后，有孩子在旧城外的路口，

捡到一块会发热的碎石。

碎石不亮，也不回应祈祷。

只是当孩子站在岔路口犹豫时，

碎石会微微变暖。

像是在提醒：

路是你自己选的。

孩子长大后，把碎石丢进河里。

河水没有异样。

但那条路，从此没有再被洪水淹没。

第四卷

结束语

他不在了。

但世界，

第一次不再需要被拯救。

好，那我*

正式开写*

。

我们按你选的方案来：*

分卷式创作*

。

下面是——

---

# 第一卷：余辉醒来

（第一卷

完整主线展开，偏世界观与人物奠基）**

> 题注：

>

后来的人都说，那一日没有龙吟。

>

只是山河像被人轻轻推了一下。*

---

## 第一章｜醒在不该醒的地方

他是在*

风声里醒来的*

。

不是春风，也不是山风，而是一种带着细碎沙石的风，像是山体内部长期空洞后，忽然塌陷时产生的回流。

意识最先恢复的不是记忆，而是*

方向感*

。

他不知道自己是谁，却清楚地知道——

脚下这块地，不该有人站着。**

他低头。

脚下是一片裂开的石台，石台上刻满了断裂的纹路，那些纹路原本应当相互咬合，如今却像被人生生掰断，残缺地向四周延伸。石纹深处泛着微弱的光，像是火将熄未熄的余烬。

那光，正在往他身体里退。

那光，正在往他身体里退。

不是流动，更像是归位。

“……原来在这儿。”

这个念头突兀地出现。

不是声音，没有语气，却让他确信无疑。

他伸出手。

手是人的手，皮肤温热，有脉搏。但当他用力握紧时，指节间有细碎的光点渗出，又迅速消失。

他不知道那是什么。

他只知道，*

他不是在出生*

。

而是在被拼出来。

---

## 第二章｜余辉之人

山外有村。

村子不大，靠着一条改过三次道的河活着。老人说，这河原本不在这儿，是几十年前突然改了流向，把半个祖坟冲没了。

没人敢深究原因。

他们更在意能不能种地。

他是在黄昏时走进村子的。

衣服是从山下拾来的旧布，被他自己随意缠在身上，勉强像个赶路人。村口的老狗先是低声呜咽，随后夹着尾巴退进阴影里。

村民看他的眼神，很快。

一眼，确认是人；

第二眼，确认不是熟人；

第三眼，决定当没看见。

这是乱世里最安全的做法。

他不知道自己最终要做什么。

只知道，有一条线，正在引他前行。

而前方的人，会越来越多。

他们有的想修复龙脉，

有的想利用它，

有的只想证明——

当年的错，不该由他们来背。**

山风吹过。

他回头，看了一眼来路的小村。

那一刻，他第一次产生了类似“情绪”的东西。

不是眷恋。

而是责任。

---

### 第一卷

结束语

> 他不是救世主。

> 他是龙脉断裂后，世界不得不留下的余辉。

第二卷：城那边的龙

（第二卷

世界展开、阵营登场、主角开始被“选择”）

题注：

龙脉断过一次之后，世界就学会了说谎。

而城，是最擅长说谎的地方。

第一章｜路不再直

北行第三日，路开始变得不对劲。

地图是直的，山是连的，河也按理该向东流。

但他走着走着，总会回到同一块乱石坡前。

不是迷路。

是路在绕开什么。

北行第三日，路开始变得不对劲。

地图是直的，山是连的，河也按理该向东流。

但他走着走着，总会回到同一块乱石坡前。

不是迷路。

是路在绕开什么。

那道引导在脑海里沉默得异常，仿佛也在犹豫。直到夜幕降临，天边的云层裂开一道狭长的口子，一线暗红色的光照在前方。

他这才发现——

不是他在兜圈子。

是有一条旧路，被人为掩埋了。

乱石下方，埋着残破的石阶，石阶上刻着极淡的纹路，与他醒来时脚下的石台极其相似。

他蹲下身，指尖贴上石阶。

胸口的余辉轻轻一震。

乱石自行滑落，露出一条通往地下的坡道。

坡道里，有风。

不是死风，是仍在流动的、带着湿土气息的风。

“……龙脉旁道。”

这个词毫无征兆地浮现在他脑海里。

第二章｜走在龙脉边上

龙脉旁道不是隧道。

更像是一条被世界遗忘的脊背。

第七章｜选择开始

司命老者伸出手。

“跟我们合作。”

他说，“修复龙脉，稳定世界。”

“代价呢？”

老者沉默了一瞬。

“你会慢慢消失。”

邪神的声音贴近他耳边。

“或者，跟我。”

“让这个错误的世界，真正断掉一次。”

城外，山行者的营地燃起警示火光。

城内，符阵开始启动。

他站在城心。

第一次意识到——

他不是来冒险的。

他是被世界，推上来的。

第二卷

结束语

城那边确实有龙。

只是那条龙，

早已不知道自己该不该再活一次。+

第三卷：无名之脉

（第三卷

主角自我觉醒，世界观第一次被推翻）

题注：

龙脉并不是一条线。

只是世人习惯，把活着的东西画成线。

第一章｜拒绝两种答案

符阵亮起的那一刻，城开始下沉。

不是坍塌，是一种有节奏的下移，仿佛整座城原本就悬浮在某个看不见的结构之上。

司命老者的声音在回荡：

因为他不是当事人。

他只是*

结果*

。

“去看看吧。”

邪神低声道，“城那边，有你该知道的东西。”

他从梦中惊醒。

天将亮未亮。

司命遗脉的人已经不见，只留下一块旧木牌，上面刻着残缺的符号。

木牌在他手中微微发热。

方向，指向北方。

---

## 第五章｜从村子出发

他离开村子时，没有人送。

村民们躲在门后，既庆幸河安了，又害怕他再回来。

他走上通往旧道的山路。

路边的石碑早已倒塌，字迹被风磨平。

但他能“看见”。

看见这里曾是节点，看见这里的龙脉曾经完整、明亮。

也看见，那些断裂之处，正在慢慢滋生新的东西。

不是龙。

也不是神。

而是*

被错误延续下来的世界*

。

他不知道自己最终要做什么。

只知道，有一条线，正在引他前行。

而前方的人，会越来越多。

他们有的想修复龙脉，

有的想利用它，

有的只想证明——

这是他们与中原人最大的不同。

阿阙拒绝了所有“共主”的提议。

“我们不需要龙选路。”

她说，“我们自己会走。”

龙脉北段逐渐稳定。

不是因为修复，而是因为山行者改变了迁徙方式，避开了那些曾经被过度使用的土地。

他们学会了承认一件事：

有些地方，不该再回去。

他们在旧祖地立起了一块石碑。

上面没有纪念英雄。

只有一句话：

此地曾是路。

现在不是。

第四章｜邪神没有消失

邪神并未被消灭。

这是司命一族最忌讳谈论的事实。

它只是失去了“唯一接口”。

不再通过龙脉直接影响世界。

它开始以更微小、更分散的方式存在——

在人心的选择里。

有人在灾荒中祈求它的帮助；

有人在战乱前向它交换力量；

它不再主动降临。

它开始等。

邪神第一次意识到，

这个世界，不再急着要一个答案。

第五章｜关于他的记载

他没有留下遗体。

也没有留下名字。

后来发现，龙在路上。

第三卷

结束语

他没有拯救世界。

他只是让世界，

再次拥有犯错的权力。

第四卷：不再需要龙的世界

（第四卷

新纪元、阵营余波、主角的“缺席”）

题注：

世界没有因为他而变好。

世界只是，不再等一个答案。

第一章｜城还在

城没有毁。

这是很多人后来都无法接受的一件事。

人们期待城塌成废墟，期待一个明确的“旧时代结束”的标志，可它只是——

静静地站在那里。

城墙依旧，街道完整，甚至连商铺的牌匾都没有掉落。

唯一的不同，是城心那片区域。

那里什么都没有了。

不是废墟，是被挖空过的感觉。像一块被取走内核的石头，剩下的形状仍在，却再也无法回到从前的用途。

司命一族封锁了那里三年。

三年后，他们自己解除了封锁。

因为没有任何东西可以“守”。

第二章｜司命一族的分裂

失去“天命解释权”的司命一族，并没有立刻衰败。

它不再主动降临。

它开始等。

邪神第一次意识到，

这个世界，不再急着要一个答案。

第五章｜关于他的记载

他没有留下遗体。

也没有留下名字。

记脉人的记录里，他被称为——

“余辉源点”。

民间的说法更多。

有人说他是司命最后的傀儡；

有人说他是邪神的失败容器；

也有人说，他只是一个恰好站在那里的路人。

这些说法彼此冲突。

但有一件事，被所有人默认——

他不会回来。

因为不需要了。

第六章｜没有龙的日子

世界开始出现新的问题。

洪水依旧会来；

战争依旧会发生；

土地仍然会被错误使用。

只是当人们再问“为什么”时，

没有人能指向龙脉。

也没有人能指向神。

责任，第一次显得具体。

某个小村庄的河再次改道时，

村民没有立刻求神。

他们开始争吵、协商、迁移。

过程混乱，代价真实。

但他们记住了那次选择。

第七章｜最后的余辉】
2025-12-14 23:17:53.979 | INFO     | ui.npc_generation_page:get_stream_response:26 - 【<class 'langchain_core.messages.ai.AIMessageChunk'>】======>>【】
2025-12-14 23:17:53.985 | INFO     | ui.npc_generation_page:get_stream_response:26 - 【<class 'langchain_core.messages.ai.AIMessageChunk'>】======>>【】
2025-12-14 23:17:53.989 | INFO     | ui.npc_generation_page:get_stream_response:26 - 【<class 'langchain_core.messages.tool.ToolMessage'>】======>>【File written successfully to npc.txt.】
2025-12-14 23:17:54.851 | INFO     | ui.npc_generation_page:get_stream_response:26 - 【<class 'langchain_core.messages.ai.AIMessageChunk'>】======>>【角色档案已生成】
2025-12-14 23:17:54.967 | INFO     | ui.npc_generation_page:get_stream_response:26 - 【<class 'langchain_core.messages.ai.AIMessageChunk'>】======>>【并追加保存至 npc.txt。凛夜与凛川是兄弟，但】
2025-12-14 23:17:55.240 | INFO     | ui.npc_generation_page:get_stream_response:26 - 【<class 'langchain_core.messages.ai.AIMessageChunk'>】======>>【他们的理念和选择截然不同，一个保守，一个激进，为】
2025-12-14 23:17:55.499 | INFO     | ui.npc_generation_page:get_stream_response:26 - 【<class 'langchain_core.messages.ai.AIMessageChunk'>】======>>【故事发展埋下了冲突的种子。
】
2025-12-14 23:17:55.655 | INFO     | ui.npc_generation_page:get_stream_response:26 - 【<class 'langchain_core.messages.ai.AIMessageChunk'>】======>>【】
2025-12-14 23:18:30.417 | INFO     | ui.npc_generation_page:get_stream_response:26 - 【<class 'langchain_core.messages.ai.AIMessageChunk'>】======>>【】
2025-12-14 23:18:30.420 | INFO     | ui.npc_generation_page:get_stream_response:26 - 【<class 'langchain_core.messages.ai.AIMessageChunk'>】======>>【】
2025-12-14 23:18:30.425 | INFO     | ui.npc_generation_page:get_stream_response:26 - 【<class 'langchain_core.messages.tool.ToolMessage'>】======>>【{
  "name": "凛川",
  "race": "司命遗族",
  "personality": "隐忍、博学、悲悯、守旧",
  "background": "凛川是司命一族的遗老，亲历了龙脉断裂后的衰败。当年，族人试图利用邪神力量修复龙脉，反遭噬，凛川侥幸逃脱，苟延残喘至今。他坚信龙脉可以修复，世界可以重回正轨，为此耗尽心力寻找“余辉”之人，希望借助其力量完成使命。但他内心也清楚，这或许只是一个注定失败的挣扎，而他所做的一切，可能只是在加速自身的消亡。",
  "opening_line": "（拄着拐杖，抬头望向远方破败的祭坛）…又是一年了，星象依旧浑浊，龙脉…还能等到重见天日的那天吗…"
}{
  "name": "凛夜",
  "race": "司命遗族",
  "personality": "激进、果决、腹黑、不择手段",
  "background": "凛夜是凛川的弟弟，与兄长一同经历了司命一族的衰败。不同于凛川的保守，凛夜认为旧的秩序已经崩坏，必须用新的方法才能拯救世界。他暗中与邪神残余势力勾结，试图利用“余辉”的力量重塑龙脉，建立一个由自己掌控的新秩序。在凛川寻找余辉之人的过程中，他亦步亦趋，暗中布局，只为在关键时刻夺取“余辉”的力量，完成自己的野心。他视兄长为绊脚石，但碍于旧情，始终没有痛下杀手。",
  "opening_line": "（站在阴影中，嘴角带着一丝玩味的笑容）哥哥还是这么天真，以为凭借着那些老古董就能改变什么吗？时代变了…真正能拯救世界的，只有力量！"
}】
2025-12-14 23:18:31.290 | INFO     | ui.npc_generation_page:get_stream_response:26 - 【<class 'langchain_core.messages.ai.AIMessageChunk'>】======>>【目前】
2025-12-14 23:18:31.445 | INFO     | ui.npc_generation_page:get_stream_response:26 - 【<class 'langchain_core.messages.ai.AIMessageChunk'>】======>>【已经生成的角色有：

1.  **凛川**

*   种】
2025-12-14 23:18:31.754 | INFO     | ui.npc_generation_page:get_stream_response:26 - 【<class 'langchain_core.messages.ai.AIMessageChunk'>】======>>【族：司命遗族
*   性格：隐忍、博学】
2025-12-14 23:18:31.958 | INFO     | ui.npc_generation_page:get_stream_response:26 - 【<class 'langchain_core.messages.ai.AIMessageChunk'>】======>>【、悲悯、守旧
*   背景： 凛川是司命一族的遗老，亲历了龙脉断裂后的衰败】
2025-12-14 23:18:32.377 | INFO     | ui.npc_generation_page:get_stream_response:26 - 【<class 'langchain_core.messages.ai.AIMessageChunk'>】======>>【。当年，族人试图利用邪神力量修复龙脉，反遭噬，凛川侥幸逃脱，苟延残喘至今。他】
2025-12-14 23:18:32.797 | INFO     | ui.npc_generation_page:get_stream_response:26 - 【<class 'langchain_core.messages.ai.AIMessageChunk'>】======>>【坚信龙脉可以修复，世界可以重回正轨，为此耗尽心力寻找“余辉”之人，希望借助其力量完成使命。但他内心也清楚，这或许只是一个注定失败的挣扎】
2025-12-14 23:18:33.532 | INFO     | ui.npc_generation_page:get_stream_response:26 - 【<class 'langchain_core.messages.ai.AIMessageChunk'>】======>>【，而他所做的一切，可能只是在加速自身的消亡。
*   开场白：（拄着拐杖，抬头望向远方破败的祭坛）…又是一年了，星象依旧浑浊，】
2025-12-14 23:18:34.222 | INFO     | ui.npc_generation_page:get_stream_response:26 - 【<class 'langchain_core.messages.ai.AIMessageChunk'>】======>>【龙脉…还能等到重见天日的那天吗…

2.  **凛夜**

*   种族：司命遗族
*   性格：激进、果决、腹黑、不择手段
*   背景：凛夜是凛川的弟弟，与兄长一同经历了】
2025-12-14 23:18:35.185 | INFO     | ui.npc_generation_page:get_stream_response:26 - 【<class 'langchain_core.messages.ai.AIMessageChunk'>】======>>【司命一族的衰败。不同于凛川的保守，凛夜认为旧的秩序已经崩坏，必须用新的方法才能拯救世界。他暗中与邪神残余势力勾结，试图利用“余辉”的力量重塑龙脉，建立一个由自己掌控的新秩序。】
2025-12-14 23:18:36.142 | INFO     | ui.npc_generation_page:get_stream_response:26 - 【<class 'langchain_core.messages.ai.AIMessageChunk'>】======>>【在凛川寻找余辉之人的过程中，他亦步亦趋，暗中布局，只为在关键时刻夺取“余辉”的力量，完成自己的野心。他视兄长为绊脚石，但碍于旧情，始终没有痛下杀手。
*   开】
2025-12-14 23:18:37.023 | INFO     | ui.npc_generation_page:get_stream_response:26 - 【<class 'langchain_core.messages.ai.AIMessageChunk'>】======>>【场白：（站在阴影中，嘴角带着一丝玩味的笑容）哥哥还是这么天真，以为凭借着那些老古董就能改变什么吗？时代变了…真正能拯救世界的，只有力量！

他们是兄弟，都属于司命遗族，但分别代表了保守和激进】
2025-12-14 23:18:38.071 | INFO     | ui.npc_generation_page:get_stream_response:26 - 【<class 'langchain_core.messages.ai.AIMessageChunk'>】======>>【两种不同的理念。
】
2025-12-14 23:18:38.172 | INFO     | ui.npc_generation_page:get_stream_response:26 - 【<class 'langchain_core.messages.ai.AIMessageChunk'>】======>>【】
2025-12-14 23:21:30.993 | INFO     | ui.npc_generation_page:get_stream_response:26 - 【<class 'langchain_core.messages.ai.AIMessageChunk'>】======>>【好的】
2025-12-14 23:21:31.188 | INFO     | ui.npc_generation_page:get_stream_response:26 - 【<class 'langchain_core.messages.ai.AIMessageChunk'>】======>>【，没问题。我会先搜索与“司命”相关的背景资料，】
2025-12-14 23:21:31.435 | INFO     | ui.npc_generation_page:get_stream_response:26 - 【<class 'langchain_core.messages.ai.AIMessageChunk'>】======>>【然后据此设计一个NPC角色档案，并保存到 `npc.txt】
2025-12-14 23:21:31.744 | INFO     | ui.npc_generation_page:get_stream_response:26 - 【<class 'langchain_core.messages.ai.AIMessageChunk'>】======>>【` 文件中。

】
2025-12-14 23:21:31.829 | INFO     | ui.npc_generation_page:get_stream_response:26 - 【<class 'langchain_core.messages.ai.AIMessageChunk'>】======>>【】
2025-12-14 23:21:31.829 | INFO     | ui.npc_generation_page:get_stream_response:26 - 【<class 'langchain_core.messages.ai.AIMessageChunk'>】======>>【】
2025-12-14 23:21:32.195 | INFO     | ui.npc_generation_page:get_stream_response:26 - 【<class 'langchain_core.messages.tool.ToolMessage'>】======>>【那光，正在往他身体里退。

不是流动，更像是归位。

“……原来在这儿。”

这个念头突兀地出现。

不是声音，没有语气，却让他确信无疑。

他伸出手。

手是人的手，皮肤温热，有脉搏。但当他用力握紧时，指节间有细碎的光点渗出，又迅速消失。

他不知道那是什么。

他只知道，*

他不是在出生*

。

而是在被拼出来。

---

## 第二章｜余辉之人

山外有村。

村子不大，靠着一条改过三次道的河活着。老人说，这河原本不在这儿，是几十年前突然改了流向，把半个祖坟冲没了。

没人敢深究原因。

他们更在意能不能种地。

他是在黄昏时走进村子的。

衣服是从山下拾来的旧布，被他自己随意缠在身上，勉强像个赶路人。村口的老狗先是低声呜咽，随后夹着尾巴退进阴影里。

村民看他的眼神，很快。

一眼，确认是人；

第二眼，确认不是熟人；

第三眼，决定当没看见。

这是乱世里最安全的做法。

好，那我*

正式开写*

。

我们按你选的方案来：*

分卷式创作*

。

下面是——

---

# 第一卷：余辉醒来

（第一卷

完整主线展开，偏世界观与人物奠基）**

> 题注：

>

后来的人都说，那一日没有龙吟。

>

只是山河像被人轻轻推了一下。*

---

## 第一章｜醒在不该醒的地方

他是在*

风声里醒来的*

。

不是春风，也不是山风，而是一种带着细碎沙石的风，像是山体内部长期空洞后，忽然塌陷时产生的回流。

意识最先恢复的不是记忆，而是*

方向感*

。

他不知道自己是谁，却清楚地知道——

脚下这块地，不该有人站着。**

他低头。

脚下是一片裂开的石台，石台上刻满了断裂的纹路，那些纹路原本应当相互咬合，如今却像被人生生掰断，残缺地向四周延伸。石纹深处泛着微弱的光，像是火将熄未熄的余烬。

那光，正在往他身体里退。

某个小村庄的河再次改道时，

村民没有立刻求神。

他们开始争吵、协商、迁移。

过程混乱，代价真实。

但他们记住了那次选择。

第七章｜最后的余辉

很多年后，有孩子在旧城外的路口，

捡到一块会发热的碎石。

碎石不亮，也不回应祈祷。

只是当孩子站在岔路口犹豫时，

碎石会微微变暖。

像是在提醒：

路是你自己选的。

孩子长大后，把碎石丢进河里。

河水没有异样。

但那条路，从此没有再被洪水淹没。

第四卷

结束语

他不在了。

但世界，

第一次不再需要被拯救。

因为他不是当事人。

他只是*

结果*

。

“去看看吧。”

邪神低声道，“城那边，有你该知道的东西。”

他从梦中惊醒。

天将亮未亮。

司命遗脉的人已经不见，只留下一块旧木牌，上面刻着残缺的符号。

木牌在他手中微微发热。

方向，指向北方。

---

## 第五章｜从村子出发

他离开村子时，没有人送。

村民们躲在门后，既庆幸河安了，又害怕他再回来。

他走上通往旧道的山路。

路边的石碑早已倒塌，字迹被风磨平。

但他能“看见”。

看见这里曾是节点，看见这里的龙脉曾经完整、明亮。

也看见，那些断裂之处，正在慢慢滋生新的东西。

不是龙。

也不是神。

而是*

被错误延续下来的世界*

。

他不知道自己最终要做什么。

只知道，有一条线，正在引他前行。

而前方的人，会越来越多。

他们有的想修复龙脉，

有的想利用它，

有的只想证明——

他不知道自己最终要做什么。

只知道，有一条线，正在引他前行。

而前方的人，会越来越多。

他们有的想修复龙脉，

有的想利用它，

有的只想证明——

当年的错，不该由他们来背。**

山风吹过。

他回头，看了一眼来路的小村。

那一刻，他第一次产生了类似“情绪”的东西。

不是眷恋。

而是责任。

---

### 第一卷

结束语

> 他不是救世主。

> 他是龙脉断裂后，世界不得不留下的余辉。

第二卷：城那边的龙

（第二卷

世界展开、阵营登场、主角开始被“选择”）

题注：

龙脉断过一次之后，世界就学会了说谎。

而城，是最擅长说谎的地方。

第一章｜路不再直

北行第三日，路开始变得不对劲。

地图是直的，山是连的，河也按理该向东流。

但他走着走着，总会回到同一块乱石坡前。

不是迷路。

是路在绕开什么。

第七章｜选择开始

司命老者伸出手。

“跟我们合作。”

他说，“修复龙脉，稳定世界。”

“代价呢？”

老者沉默了一瞬。

“你会慢慢消失。”

邪神的声音贴近他耳边。

“或者，跟我。”

“让这个错误的世界，真正断掉一次。”

城外，山行者的营地燃起警示火光。

城内，符阵开始启动。

他站在城心。

第一次意识到——

他不是来冒险的。

他是被世界，推上来的。

第二卷

结束语

城那边确实有龙。

只是那条龙，

早已不知道自己该不该再活一次。+

第三卷：无名之脉

（第三卷

主角自我觉醒，世界观第一次被推翻）

题注：

龙脉并不是一条线。

只是世人习惯，把活着的东西画成线。

第一章｜拒绝两种答案

符阵亮起的那一刻，城开始下沉。

不是坍塌，是一种有节奏的下移，仿佛整座城原本就悬浮在某个看不见的结构之上。

司命老者的声音在回荡：

这是他们与中原人最大的不同。

阿阙拒绝了所有“共主”的提议。

“我们不需要龙选路。”

她说，“我们自己会走。”

龙脉北段逐渐稳定。

不是因为修复，而是因为山行者改变了迁徙方式，避开了那些曾经被过度使用的土地。

他们学会了承认一件事：

有些地方，不该再回去。

他们在旧祖地立起了一块石碑。

上面没有纪念英雄。

只有一句话：

此地曾是路。

现在不是。

第四章｜邪神没有消失

邪神并未被消灭。

这是司命一族最忌讳谈论的事实。

它只是失去了“唯一接口”。

不再通过龙脉直接影响世界。

它开始以更微小、更分散的方式存在——

在人心的选择里。

有人在灾荒中祈求它的帮助；

有人在战乱前向它交换力量；

它不再主动降临。

它开始等。

邪神第一次意识到，

这个世界，不再急着要一个答案。

第五章｜关于他的记载

他没有留下遗体。

也没有留下名字。

而真正的真相，被掩埋了。

“你知道现在外面怎么说吗？”

那人看着他。

“说是*

邪神蛊惑司命一族，伪造天命，害了龙脉*

。”

他沉默。

那道引导在脑海中轻轻一震。

“不全是假话。”**

---

## 第四章｜邪神的低语

那天夜里，他梦见了城。

不是完整的城。

是一座正在下沉的都城。

街道像被水浸泡过的纸，向内塌陷；宫阙歪斜，柱子上缠绕着黑色的影子。

城中心，有一道裂口。

裂口里，有什么东西在“看”。

“你终于醒了。”**

这一次，是声音。

低沉，却温和。

“你们把一切都怪在我身上。”

那声音轻声说，“可当年，是他们自己选择了力量。”

他想反驳，却发现自己没有立场。

因为他不是当事人。

他只是*

结果*

。

“去看看吧。”

邪神低声道，“城那边，有你该知道的东西。”

他从梦中惊醒。

天将亮未亮。

北行第三日，路开始变得不对劲。

地图是直的，山是连的，河也按理该向东流。

但他走着走着，总会回到同一块乱石坡前。

不是迷路。

是路在绕开什么。

那道引导在脑海里沉默得异常，仿佛也在犹豫。直到夜幕降临，天边的云层裂开一道狭长的口子，一线暗红色的光照在前方。

他这才发现——

不是他在兜圈子。

是有一条旧路，被人为掩埋了。

乱石下方，埋着残破的石阶，石阶上刻着极淡的纹路，与他醒来时脚下的石台极其相似。

他蹲下身，指尖贴上石阶。

胸口的余辉轻轻一震。

乱石自行滑落，露出一条通往地下的坡道。

坡道里，有风。

不是死风，是仍在流动的、带着湿土气息的风。

“……龙脉旁道。”

这个词毫无征兆地浮现在他脑海里。

第二章｜走在龙脉边上

龙脉旁道不是隧道。

更像是一条被世界遗忘的脊背。

紧接着，水势被强行压回原道。

河没有完全复原，但暴涨止住了。

村民们跪了一地。

有人喊他“山神”，有人喊他“河君”。

他站在原地，只觉得一阵空虚。

仿佛有什么东西，从他身体里被抽走了。

夜深时，他独自坐在村外。

那道“引导”再次出现。

“你是余辉。”**

“不是人，也不是神。”**

“你是龙脉断裂时，留下的残光。”**

---

## 第三章｜种族与立场

三天后，村里来了外人。

他们穿着制式统一的灰白长袍，衣角绣着已经褪色的符纹。为首的是个中年男人，面容端正，却始终不与人对视。

他们自称——*

司命遗脉*

。

“我们不是官。”

那人说，“也早就没朝廷了。”

司命一族，是*

曾经负责观测天命、维护龙脉的族群*

。

至少，传说里是这么说的。

他们看向他的眼神，与村民不同。

不是敬畏，是审视。

“你不是修行者。”】
2025-12-14 23:21:32.841 | INFO     | ui.npc_generation_page:get_stream_response:26 - 【<class 'langchain_core.messages.ai.AIMessageChunk'>】======>>【好的】
2025-12-14 23:21:33.069 | INFO     | ui.npc_generation_page:get_stream_response:26 - 【<class 'langchain_core.messages.ai.AIMessageChunk'>】======>>【，没问题。我将根据搜索结果，为你创建一个司命老者的角色】
2025-12-14 23:21:33.359 | INFO     | ui.npc_generation_page:get_stream_response:26 - 【<class 'langchain_core.messages.ai.AIMessageChunk'>】======>>【档案，并保存到 `npc.txt` 文件中。

```json
{】
2025-12-14 23:21:33.712 | INFO     | ui.npc_generation_page:get_stream_response:26 - 【<class 'langchain_core.messages.ai.AIMessageChunk'>】======>>【
  "name": "苍爻 (Cāng Yáo)",
  "race": "司命遗族",
  "personality": "沉】
2025-12-14 23:21:34.406 | INFO     | ui.npc_generation_page:get_stream_response:26 - 【<class 'langchain_core.messages.ai.AIMessageChunk'>】======>>【稳内敛、忧虑、责任感强、略带疲惫",
  "background": "苍爻是司命遗族中少数的】
2025-12-14 23:21:34.906 | INFO     | ui.npc_generation_page:get_stream_response:26 - 【<class 'langchain_core.messages.ai.AIMessageChunk'>】======>>【年长者之一，亲历了龙脉断裂后的动荡岁月。当年，族群观测天命、维护龙脉，却未能阻止灾难发生，反被世人误解。他背负着族群】
2025-12-14 23:21:35.528 | INFO     | ui.npc_generation_page:get_stream_response:26 - 【<class 'langchain_core.messages.ai.AIMessageChunk'>】======>>【的没落和世人的责难，隐姓埋名多年，苟延残喘。如今，感应到龙脉余辉重现，苍爻决心找到余辉之人，试图修复龙脉，重振司】
2025-12-14 23:21:36.130 | INFO     | ui.npc_generation_page:get_stream_response:26 - 【<class 'langchain_core.messages.ai.AIMessageChunk'>】======>>【命一族。但他内心深知，即使成功，族群也难以回到过去，而他自身也将逐渐消逝。他的动机是守护，但更多的是为了给族人一个交代，一个希望，哪怕这希望渺茫。",
  "opening_line": "（抬头，目光浑】
2025-12-14 23:21:37.221 | INFO     | ui.npc_generation_page:get_stream_response:26 - 【<class 'langchain_core.messages.ai.AIMessageChunk'>】======>>【浊，望向远方破败的祭坛）…龙脉的悲鸣，我听到了太久…久到几乎忘记了它的本来的声音。"
}
```

我已根据背景资料，设计了一个司命老者的角色档案。现在将它保存到 `npc.txt` 文件】
2025-12-14 23:21:38.249 | INFO     | ui.npc_generation_page:get_stream_response:26 - 【<class 'langchain_core.messages.ai.AIMessageChunk'>】======>>【中。

】
2025-12-14 23:21:38.293 | INFO     | ui.npc_generation_page:get_stream_response:26 - 【<class 'langchain_core.messages.ai.AIMessageChunk'>】======>>【】
2025-12-14 23:21:38.293 | INFO     | ui.npc_generation_page:get_stream_response:26 - 【<class 'langchain_core.messages.ai.AIMessageChunk'>】======>>【】
2025-12-14 23:21:38.296 | INFO     | ui.npc_generation_page:get_stream_response:26 - 【<class 'langchain_core.messages.tool.ToolMessage'>】======>>【File written successfully to npc.txt.】
2025-12-14 23:21:39.013 | INFO     | ui.npc_generation_page:get_stream_response:26 - 【<class 'langchain_core.messages.ai.AIMessageChunk'>】======>>【好的，已经】
2025-12-14 23:21:39.195 | INFO     | ui.npc_generation_page:get_stream_response:26 - 【<class 'langchain_core.messages.ai.AIMessageChunk'>】======>>【创建了一个司命老者的角色，并保存到了 `npc.txt】
2025-12-14 23:21:39.503 | INFO     | ui.npc_generation_page:get_stream_response:26 - 【<class 'langchain_core.messages.ai.AIMessageChunk'>】======>>【` 文件中。

**角色档案：**

```json
{
  "name":】
2025-12-14 23:21:39.919 | INFO     | ui.npc_generation_page:get_stream_response:26 - 【<class 'langchain_core.messages.ai.AIMessageChunk'>】======>>【 "苍爻 (Cāng Yáo)",
  "race": "司命遗族",
  "personality": "沉稳内敛、忧】
2025-12-14 23:21:40.569 | INFO     | ui.npc_generation_page:get_stream_response:26 - 【<class 'langchain_core.messages.ai.AIMessageChunk'>】======>>【虑、责任感强、略带疲惫",
  "background": "苍爻是司命遗族中少数的年长者之一，】
2025-12-14 23:21:41.085 | INFO     | ui.npc_generation_page:get_stream_response:26 - 【<class 'langchain_core.messages.ai.AIMessageChunk'>】======>>【亲历了龙脉断裂后的动荡岁月。当年，族群观测天命、维护龙脉，却未能阻止灾难发生，反被世人误解。他背负着族群的没落和】
2025-12-14 23:21:41.683 | INFO     | ui.npc_generation_page:get_stream_response:26 - 【<class 'langchain_core.messages.ai.AIMessageChunk'>】======>>【世人的责难，隐姓埋名多年，苟延残喘。如今，感应到龙脉余辉重现，苍爻决心找到余辉之人，试图修复龙脉，重振司命一族。】
2025-12-14 23:21:42.282 | INFO     | ui.npc_generation_page:get_stream_response:26 - 【<class 'langchain_core.messages.ai.AIMessageChunk'>】======>>【但他内心深知，即使成功，族群也难以回到过去，而他自身也将逐渐消逝。他的动机是守护，但更多的是为了给族人一个交代，一个希望，哪怕这希望渺茫。",
  "opening_line": "（抬头，目光浑浊，望向】
2025-12-14 23:21:43.371 | INFO     | ui.npc_generation_page:get_stream_response:26 - 【<class 'langchain_core.messages.ai.AIMessageChunk'>】======>>【远方破败的祭坛）…龙脉的悲鸣，我听到了太久…久到几乎忘记了它的本来的声音。"
}
```
】
2025-12-14 23:21:43.850 | INFO     | ui.npc_generation_page:get_stream_response:26 - 【<class 'langchain_core.messages.ai.AIMessageChunk'>】======>>【】
2025-12-14 23:22:09.429 | INFO     | ui.npc_generation_page:get_stream_response:26 - 【<class 'langchain_core.messages.ai.AIMessageChunk'>】======>>【】
2025-12-14 23:22:09.435 | INFO     | ui.npc_generation_page:get_stream_response:26 - 【<class 'langchain_core.messages.ai.AIMessageChunk'>】======>>【】
2025-12-14 23:22:10.262 | INFO     | ui.npc_generation_page:get_stream_response:26 - 【<class 'langchain_core.messages.tool.ToolMessage'>】======>>【某个小村庄的河再次改道时，

村民没有立刻求神。

他们开始争吵、协商、迁移。

过程混乱，代价真实。

但他们记住了那次选择。

第七章｜最后的余辉

很多年后，有孩子在旧城外的路口，

捡到一块会发热的碎石。

碎石不亮，也不回应祈祷。

只是当孩子站在岔路口犹豫时，

碎石会微微变暖。

像是在提醒：

路是你自己选的。

孩子长大后，把碎石丢进河里。

河水没有异样。

但那条路，从此没有再被洪水淹没。

第四卷

结束语

他不在了。

但世界，

第一次不再需要被拯救。

好，那我*

正式开写*

。

我们按你选的方案来：*

分卷式创作*

。

下面是——

---

# 第一卷：余辉醒来

（第一卷

完整主线展开，偏世界观与人物奠基）**

> 题注：

>

后来的人都说，那一日没有龙吟。

>

只是山河像被人轻轻推了一下。*

---

## 第一章｜醒在不该醒的地方

他是在*

风声里醒来的*

。

不是春风，也不是山风，而是一种带着细碎沙石的风，像是山体内部长期空洞后，忽然塌陷时产生的回流。

意识最先恢复的不是记忆，而是*

方向感*

。

他不知道自己是谁，却清楚地知道——

脚下这块地，不该有人站着。**

他低头。

脚下是一片裂开的石台，石台上刻满了断裂的纹路，那些纹路原本应当相互咬合，如今却像被人生生掰断，残缺地向四周延伸。石纹深处泛着微弱的光，像是火将熄未熄的余烬。

那光，正在往他身体里退。

那光，正在往他身体里退。

不是流动，更像是归位。

“……原来在这儿。”

这个念头突兀地出现。

不是声音，没有语气，却让他确信无疑。

他伸出手。

手是人的手，皮肤温热，有脉搏。但当他用力握紧时，指节间有细碎的光点渗出，又迅速消失。

他不知道那是什么。

他只知道，*

他不是在出生*

。

而是在被拼出来。

---

## 第二章｜余辉之人

山外有村。

村子不大，靠着一条改过三次道的河活着。老人说，这河原本不在这儿，是几十年前突然改了流向，把半个祖坟冲没了。

没人敢深究原因。

他们更在意能不能种地。

他是在黄昏时走进村子的。

衣服是从山下拾来的旧布，被他自己随意缠在身上，勉强像个赶路人。村口的老狗先是低声呜咽，随后夹着尾巴退进阴影里。

村民看他的眼神，很快。

一眼，确认是人；

第二眼，确认不是熟人；

第三眼，决定当没看见。

这是乱世里最安全的做法。

他不知道自己最终要做什么。

只知道，有一条线，正在引他前行。

而前方的人，会越来越多。

他们有的想修复龙脉，

有的想利用它，

有的只想证明——

当年的错，不该由他们来背。**

山风吹过。

他回头，看了一眼来路的小村。

那一刻，他第一次产生了类似“情绪”的东西。

不是眷恋。

而是责任。

---

### 第一卷

结束语

> 他不是救世主。

> 他是龙脉断裂后，世界不得不留下的余辉。

第二卷：城那边的龙

（第二卷

世界展开、阵营登场、主角开始被“选择”）

题注：

龙脉断过一次之后，世界就学会了说谎。

而城，是最擅长说谎的地方。

第一章｜路不再直

北行第三日，路开始变得不对劲。

地图是直的，山是连的，河也按理该向东流。

但他走着走着，总会回到同一块乱石坡前。

不是迷路。

是路在绕开什么。

北行第三日，路开始变得不对劲。

地图是直的，山是连的，河也按理该向东流。

但他走着走着，总会回到同一块乱石坡前。

不是迷路。

是路在绕开什么。

那道引导在脑海里沉默得异常，仿佛也在犹豫。直到夜幕降临，天边的云层裂开一道狭长的口子，一线暗红色的光照在前方。

他这才发现——

不是他在兜圈子。

是有一条旧路，被人为掩埋了。

乱石下方，埋着残破的石阶，石阶上刻着极淡的纹路，与他醒来时脚下的石台极其相似。

他蹲下身，指尖贴上石阶。

胸口的余辉轻轻一震。

乱石自行滑落，露出一条通往地下的坡道。

坡道里，有风。

不是死风，是仍在流动的、带着湿土气息的风。

“……龙脉旁道。”

这个词毫无征兆地浮现在他脑海里。

第二章｜走在龙脉边上

龙脉旁道不是隧道。

更像是一条被世界遗忘的脊背。

第七章｜选择开始

司命老者伸出手。

“跟我们合作。”

他说，“修复龙脉，稳定世界。”

“代价呢？”

老者沉默了一瞬。

“你会慢慢消失。”

邪神的声音贴近他耳边。

“或者，跟我。”

“让这个错误的世界，真正断掉一次。”

城外，山行者的营地燃起警示火光。

城内，符阵开始启动。

他站在城心。

第一次意识到——

他不是来冒险的。

他是被世界，推上来的。

第二卷

结束语

城那边确实有龙。

只是那条龙，

早已不知道自己该不该再活一次。+

第三卷：无名之脉

（第三卷

主角自我觉醒，世界观第一次被推翻）

题注：

龙脉并不是一条线。

只是世人习惯，把活着的东西画成线。

第一章｜拒绝两种答案

符阵亮起的那一刻，城开始下沉。

不是坍塌，是一种有节奏的下移，仿佛整座城原本就悬浮在某个看不见的结构之上。

司命老者的声音在回荡：

因为他不是当事人。

他只是*

结果*

。

“去看看吧。”

邪神低声道，“城那边，有你该知道的东西。”

他从梦中惊醒。

天将亮未亮。

司命遗脉的人已经不见，只留下一块旧木牌，上面刻着残缺的符号。

木牌在他手中微微发热。

方向，指向北方。

---

## 第五章｜从村子出发

他离开村子时，没有人送。

村民们躲在门后，既庆幸河安了，又害怕他再回来。

他走上通往旧道的山路。

路边的石碑早已倒塌，字迹被风磨平。

但他能“看见”。

看见这里曾是节点，看见这里的龙脉曾经完整、明亮。

也看见，那些断裂之处，正在慢慢滋生新的东西。

不是龙。

也不是神。

而是*

被错误延续下来的世界*

。

他不知道自己最终要做什么。

只知道，有一条线，正在引他前行。

而前方的人，会越来越多。

他们有的想修复龙脉，

有的想利用它，

有的只想证明——

这是他们与中原人最大的不同。

阿阙拒绝了所有“共主”的提议。

“我们不需要龙选路。”

她说，“我们自己会走。”

龙脉北段逐渐稳定。

不是因为修复，而是因为山行者改变了迁徙方式，避开了那些曾经被过度使用的土地。

他们学会了承认一件事：

有些地方，不该再回去。

他们在旧祖地立起了一块石碑。

上面没有纪念英雄。

只有一句话：

此地曾是路。

现在不是。

第四章｜邪神没有消失

邪神并未被消灭。

这是司命一族最忌讳谈论的事实。

它只是失去了“唯一接口”。

不再通过龙脉直接影响世界。

它开始以更微小、更分散的方式存在——

在人心的选择里。

有人在灾荒中祈求它的帮助；

有人在战乱前向它交换力量；

它不再主动降临。

它开始等。

邪神第一次意识到，

这个世界，不再急着要一个答案。

第五章｜关于他的记载

他没有留下遗体。

也没有留下名字。

后来发现，龙在路上。

第三卷

结束语

他没有拯救世界。

他只是让世界，

再次拥有犯错的权力。

第四卷：不再需要龙的世界

（第四卷

新纪元、阵营余波、主角的“缺席”）

题注：

世界没有因为他而变好。

世界只是，不再等一个答案。

第一章｜城还在

城没有毁。

这是很多人后来都无法接受的一件事。

人们期待城塌成废墟，期待一个明确的“旧时代结束”的标志，可它只是——

静静地站在那里。

城墙依旧，街道完整，甚至连商铺的牌匾都没有掉落。

唯一的不同，是城心那片区域。

那里什么都没有了。

不是废墟，是被挖空过的感觉。像一块被取走内核的石头，剩下的形状仍在，却再也无法回到从前的用途。

司命一族封锁了那里三年。

三年后，他们自己解除了封锁。

因为没有任何东西可以“守”。

第二章｜司命一族的分裂

失去“天命解释权”的司命一族，并没有立刻衰败。

它不再主动降临。

它开始等。

邪神第一次意识到，

这个世界，不再急着要一个答案。

第五章｜关于他的记载

他没有留下遗体。

也没有留下名字。

记脉人的记录里，他被称为——

“余辉源点”。

民间的说法更多。

有人说他是司命最后的傀儡；

有人说他是邪神的失败容器；

也有人说，他只是一个恰好站在那里的路人。

这些说法彼此冲突。

但有一件事，被所有人默认——

他不会回来。

因为不需要了。

第六章｜没有龙的日子

世界开始出现新的问题。

洪水依旧会来；

战争依旧会发生；

土地仍然会被错误使用。

只是当人们再问“为什么”时，

没有人能指向龙脉。

也没有人能指向神。

责任，第一次显得具体。

某个小村庄的河再次改道时，

村民没有立刻求神。

他们开始争吵、协商、迁移。

过程混乱，代价真实。

但他们记住了那次选择。

第七章｜最后的余辉】
2025-12-14 23:22:13.542 | INFO     | ui.npc_generation_page:get_stream_response:26 - 【<class 'langchain_core.messages.ai.AIMessageChunk'>】======>>【】
2025-12-14 23:22:13.548 | INFO     | ui.npc_generation_page:get_stream_response:26 - 【<class 'langchain_core.messages.ai.AIMessageChunk'>】======>>【】
2025-12-14 23:22:13.551 | INFO     | ui.npc_generation_page:get_stream_response:26 - 【<class 'langchain_core.messages.tool.ToolMessage'>】======>>【File written successfully to npc.txt.】
2025-12-14 23:22:14.409 | INFO     | ui.npc_generation_page:get_stream_response:26 - 【<class 'langchain_core.messages.ai.AIMessageChunk'>】======>>【好的，已经】
2025-12-14 23:22:14.493 | INFO     | ui.npc_generation_page:get_stream_response:26 - 【<class 'langchain_core.messages.ai.AIMessageChunk'>】======>>【生成了苍爻的弟弟苍玄，并添加到了 `npc.txt` 文件中】
2025-12-14 23:22:14.828 | INFO     | ui.npc_generation_page:get_stream_response:26 - 【<class 'langchain_core.messages.ai.AIMessageChunk'>】======>>【。

**角色档案：**

```json
{
  "name": "】
2025-12-14 23:22:15.211 | INFO     | ui.npc_generation_page:get_stream_response:26 - 【<class 'langchain_core.messages.ai.AIMessageChunk'>】======>>【苍玄 (Cāng Xuán)",
  "race": "司命遗族",
  "personality": "激进、执着、略】
2025-12-14 23:22:15.862 | INFO     | ui.npc_generation_page:get_stream_response:26 - 【<class 'langchain_core.messages.ai.AIMessageChunk'>】======>>【带疯狂、不择手段",
  "background": "苍玄是苍爻的弟弟，与兄长一同经历了司命一族的衰败】
2025-12-14 23:22:16.415 | INFO     | ui.npc_generation_page:get_stream_response:26 - 【<class 'langchain_core.messages.ai.AIMessageChunk'>】======>>【。不同于苍爻的隐忍，苍玄对族群的遭遇充满了愤怒和不甘。他认为龙脉的断裂并非天命，而是司命一族无能的体现。为了重振族群】
2025-12-14 23:22:17.036 | INFO     | ui.npc_generation_page:get_stream_response:26 - 【<class 'langchain_core.messages.ai.AIMessageChunk'>】======>>【，他不惜一切代价，甚至愿意与邪神交易，获取力量。他认为兄长的保守和软弱阻碍了族群的复兴，因此与苍爻分道扬镳，独自寻找修复龙脉的】
2025-12-14 23:22:17.708 | INFO     | ui.npc_generation_page:get_stream_response:26 - 【<class 'langchain_core.messages.ai.AIMessageChunk'>】======>>【途径。他的核心动机是复仇和证明，他要向世人证明司命一族的力量，即使这意味着牺牲一切。",
  "opening_line": "（声音嘶哑，语气充满嘲讽）哥哥啊，你还在做着那可笑的梦吗？天命？龙】
2025-12-14 23:22:18.748 | INFO     | ui.npc_generation_page:get_stream_response:26 - 【<class 'langchain_core.messages.ai.AIMessageChunk'>】======>>【脉？那都是骗人的！唯有力量，才是真正的出路！"
}
```

**关系和故事：**

苍爻和苍玄是司命遗族的一对兄弟，共同见证了族群的衰落。 龙脉断裂后，苍爻选择隐忍，希望】
2025-12-14 23:22:19.671 | INFO     | ui.npc_generation_page:get_stream_response:26 - 【<class 'langchain_core.messages.ai.AIMessageChunk'>】======>>【通过传统的方式修复龙脉，重振族群。而苍玄则无法接受这种保守的方式，他认为族群的衰败是由于自身力量的不足，因此他渴望获得更强大的力量，即使这意味着与邪神为伍。 兄弟二人因此产生了巨大的分歧，最终分道扬镳】
2025-12-14 23:22:20.739 | INFO     | ui.npc_generation_page:get_stream_response:26 - 【<class 'langchain_core.messages.ai.AIMessageChunk'>】======>>【。苍爻坚守着传统的道义，而苍玄则走上了不择手段的道路。 他们的故事是关于坚守与变革，传统与激进的冲突。他们都希望重振司命一族，但选择的道路却截然不同，最终可能走向对立。】
2025-12-14 23:22:21.640 | INFO     | ui.npc_generation_page:get_stream_response:26 - 【<class 'langchain_core.messages.ai.AIMessageChunk'>】======>>【
】
2025-12-14 23:22:21.651 | INFO     | ui.npc_generation_page:get_stream_response:26 - 【<class 'langchain_core.messages.ai.AIMessageChunk'>】======>>【】
2025-12-14 23:22:49.009 | INFO     | ui.npc_generation_page:get_stream_response:26 - 【<class 'langchain_core.messages.ai.AIMessageChunk'>】======>>【目前】
2025-12-14 23:22:49.227 | INFO     | ui.npc_generation_page:get_stream_response:26 - 【<class 'langchain_core.messages.ai.AIMessageChunk'>】======>>【已经生成的角色有两位，分别是：

1.  **苍爻 (Cāng Y】
2025-12-14 23:22:49.576 | INFO     | ui.npc_generation_page:get_stream_response:26 - 【<class 'langchain_core.messages.ai.AIMessageChunk'>】======>>【áo)**

    *   **种族 (race)**: 司命遗】
2025-12-14 23:22:49.933 | INFO     | ui.npc_generation_page:get_stream_response:26 - 【<class 'langchain_core.messages.ai.AIMessageChunk'>】======>>【族
    *   **性格特征 (personality)**: 沉稳内敛、忧虑、责任感强、略带疲惫
    *】
2025-12-14 23:22:50.544 | INFO     | ui.npc_generation_page:get_stream_response:26 - 【<class 'langchain_core.messages.ai.AIMessageChunk'>】======>>【   **背景故事 (background)**: 苍爻是司命遗族中少数的年长者之一，亲历了龙脉断裂后的】
2025-12-14 23:22:51.102 | INFO     | ui.npc_generation_page:get_stream_response:26 - 【<class 'langchain_core.messages.ai.AIMessageChunk'>】======>>【动荡岁月。当年，族群观测天命、维护龙脉，却未能阻止灾难发生，反被世人误解。他背负着族群的没落和世人的责难，隐姓埋】
2025-12-14 23:22:51.704 | INFO     | ui.npc_generation_page:get_stream_response:26 - 【<class 'langchain_core.messages.ai.AIMessageChunk'>】======>>【名多年，苟延残喘。如今，感应到龙脉余辉重现，苍爻决心找到余辉之人，试图修复龙脉，重振司命一族。但他内心深知，即使成功，】
2025-12-14 23:22:52.340 | INFO     | ui.npc_generation_page:get_stream_response:26 - 【<class 'langchain_core.messages.ai.AIMessageChunk'>】======>>【族群也难以回到过去，而他自身也将逐渐消逝。他的动机是守护，但更多的是为了给族人一个交代，一个希望，哪怕这希望渺茫。
    *   **见面第一句台词 (opening\_line)**: （抬头，目光浑浊，望向】
2025-12-14 23:22:53.483 | INFO     | ui.npc_generation_page:get_stream_response:26 - 【<class 'langchain_core.messages.ai.AIMessageChunk'>】======>>【远方破败的祭坛）…龙脉的悲鸣，我听到了太久…久到几乎忘记了它的本来的声音。
2.  **苍玄 (Cāng Xuán)**

    *   **种族 (race)**: 司命遗族
    *   】
2025-12-14 23:22:54.532 | INFO     | ui.npc_generation_page:get_stream_response:26 - 【<class 'langchain_core.messages.ai.AIMessageChunk'>】======>>【**性格特征 (personality)**: 激进、执着、略带疯狂、不择手段
    *   **背景故事 (background)**: 苍玄是苍爻的弟弟，与兄长一同经历了司命一族的衰败。不同于苍爻的隐忍，苍玄对】
2025-12-14 23:22:55.683 | INFO     | ui.npc_generation_page:get_stream_response:26 - 【<class 'langchain_core.messages.ai.AIMessageChunk'>】======>>【族群的遭遇充满了愤怒和不甘。他认为龙脉的断裂并非天命，而是司命一族无能的体现。为了重振族群，他不惜一切代价，甚至愿意与邪神交易，获取力量。他认为兄长的保守和软弱阻碍了族】
2025-12-14 23:22:56.581 | INFO     | ui.npc_generation_page:get_stream_response:26 - 【<class 'langchain_core.messages.ai.AIMessageChunk'>】======>>【群的复兴，因此与苍爻分道扬镳，独自寻找修复龙脉的途径。他的核心动机是复仇和证明，他要向世人证明司命一族的力量，即使这意味着牺牲一切。
    *   **见面第一句台词 (opening\_line)**:】
2025-12-14 23:22:57.679 | INFO     | ui.npc_generation_page:get_stream_response:26 - 【<class 'langchain_core.messages.ai.AIMessageChunk'>】======>>【 （声音嘶哑，语气充满嘲讽）哥哥啊，你还在做着那可笑的梦吗？天命？龙脉？那都是骗人的！唯有力量，才是真正的出路！

**关系：** 苍爻和苍玄是兄弟，同为司命遗族，】
2025-12-14 23:22:58.557 | INFO     | ui.npc_generation_page:get_stream_response:26 - 【<class 'langchain_core.messages.ai.AIMessageChunk'>】======>>【但因对族群复兴的理念不同而决裂。苍爻是哥哥，较为传统和隐忍；苍玄是弟弟，更加激进和渴望力量。
】
2025-12-14 23:22:59.060 | INFO     | ui.npc_generation_page:get_stream_response:26 - 【<class 'langchain_core.messages.ai.AIMessageChunk'>】======>>【】
2025-12-14 23:25:05.223 | INFO     | ui.npc_generation_page:get_stream_response:26 - 【<class 'langchain_core.messages.ai.AIMessageChunk'>】======>>【好的，没】
2025-12-14 23:25:05.361 | INFO     | ui.npc_generation_page:get_stream_response:26 - 【<class 'langchain_core.messages.ai.AIMessageChunk'>】======>>【问题。为了更好地设计这个角色，我会先搜索一些与“司命”】
2025-12-14 23:25:05.669 | INFO     | ui.npc_generation_page:get_stream_response:26 - 【<class 'langchain_core.messages.ai.AIMessageChunk'>】======>>【相关的背景资料。请稍等。
】
2025-12-14 23:25:05.809 | INFO     | ui.npc_generation_page:get_stream_response:26 - 【<class 'langchain_core.messages.ai.AIMessageChunk'>】======>>【】
2025-12-14 23:25:05.809 | INFO     | ui.npc_generation_page:get_stream_response:26 - 【<class 'langchain_core.messages.ai.AIMessageChunk'>】======>>【】
2025-12-14 23:25:06.178 | INFO     | ui.npc_generation_page:get_stream_response:26 - 【<class 'langchain_core.messages.tool.ToolMessage'>】======>>【那光，正在往他身体里退。

不是流动，更像是归位。

“……原来在这儿。”

这个念头突兀地出现。

不是声音，没有语气，却让他确信无疑。

他伸出手。

手是人的手，皮肤温热，有脉搏。但当他用力握紧时，指节间有细碎的光点渗出，又迅速消失。

他不知道那是什么。

他只知道，*

他不是在出生*

。

而是在被拼出来。

---

## 第二章｜余辉之人

山外有村。

村子不大，靠着一条改过三次道的河活着。老人说，这河原本不在这儿，是几十年前突然改了流向，把半个祖坟冲没了。

没人敢深究原因。

他们更在意能不能种地。

他是在黄昏时走进村子的。

衣服是从山下拾来的旧布，被他自己随意缠在身上，勉强像个赶路人。村口的老狗先是低声呜咽，随后夹着尾巴退进阴影里。

村民看他的眼神，很快。

一眼，确认是人；

第二眼，确认不是熟人；

第三眼，决定当没看见。

这是乱世里最安全的做法。

好，那我*

正式开写*

。

我们按你选的方案来：*

分卷式创作*

。

下面是——

---

# 第一卷：余辉醒来

（第一卷

完整主线展开，偏世界观与人物奠基）**

> 题注：

>

后来的人都说，那一日没有龙吟。

>

只是山河像被人轻轻推了一下。*

---

## 第一章｜醒在不该醒的地方

他是在*

风声里醒来的*

。

不是春风，也不是山风，而是一种带着细碎沙石的风，像是山体内部长期空洞后，忽然塌陷时产生的回流。

意识最先恢复的不是记忆，而是*

方向感*

。

他不知道自己是谁，却清楚地知道——

脚下这块地，不该有人站着。**

他低头。

脚下是一片裂开的石台，石台上刻满了断裂的纹路，那些纹路原本应当相互咬合，如今却像被人生生掰断，残缺地向四周延伸。石纹深处泛着微弱的光，像是火将熄未熄的余烬。

那光，正在往他身体里退。

某个小村庄的河再次改道时，

村民没有立刻求神。

他们开始争吵、协商、迁移。

过程混乱，代价真实。

但他们记住了那次选择。

第七章｜最后的余辉

很多年后，有孩子在旧城外的路口，

捡到一块会发热的碎石。

碎石不亮，也不回应祈祷。

只是当孩子站在岔路口犹豫时，

碎石会微微变暖。

像是在提醒：

路是你自己选的。

孩子长大后，把碎石丢进河里。

河水没有异样。

但那条路，从此没有再被洪水淹没。

第四卷

结束语

他不在了。

但世界，

第一次不再需要被拯救。

因为他不是当事人。

他只是*

结果*

。

“去看看吧。”

邪神低声道，“城那边，有你该知道的东西。”

他从梦中惊醒。

天将亮未亮。

司命遗脉的人已经不见，只留下一块旧木牌，上面刻着残缺的符号。

木牌在他手中微微发热。

方向，指向北方。

---

## 第五章｜从村子出发

他离开村子时，没有人送。

村民们躲在门后，既庆幸河安了，又害怕他再回来。

他走上通往旧道的山路。

路边的石碑早已倒塌，字迹被风磨平。

但他能“看见”。

看见这里曾是节点，看见这里的龙脉曾经完整、明亮。

也看见，那些断裂之处，正在慢慢滋生新的东西。

不是龙。

也不是神。

而是*

被错误延续下来的世界*

。

他不知道自己最终要做什么。

只知道，有一条线，正在引他前行。

而前方的人，会越来越多。

他们有的想修复龙脉，

有的想利用它，

有的只想证明——

他不知道自己最终要做什么。

只知道，有一条线，正在引他前行。

而前方的人，会越来越多。

他们有的想修复龙脉，

有的想利用它，

有的只想证明——

当年的错，不该由他们来背。**

山风吹过。

他回头，看了一眼来路的小村。

那一刻，他第一次产生了类似“情绪”的东西。

不是眷恋。

而是责任。

---

### 第一卷

结束语

> 他不是救世主。

> 他是龙脉断裂后，世界不得不留下的余辉。

第二卷：城那边的龙

（第二卷

世界展开、阵营登场、主角开始被“选择”）

题注：

龙脉断过一次之后，世界就学会了说谎。

而城，是最擅长说谎的地方。

第一章｜路不再直

北行第三日，路开始变得不对劲。

地图是直的，山是连的，河也按理该向东流。

但他走着走着，总会回到同一块乱石坡前。

不是迷路。

是路在绕开什么。

第七章｜选择开始

司命老者伸出手。

“跟我们合作。”

他说，“修复龙脉，稳定世界。”

“代价呢？”

老者沉默了一瞬。

“你会慢慢消失。”

邪神的声音贴近他耳边。

“或者，跟我。”

“让这个错误的世界，真正断掉一次。”

城外，山行者的营地燃起警示火光。

城内，符阵开始启动。

他站在城心。

第一次意识到——

他不是来冒险的。

他是被世界，推上来的。

第二卷

结束语

城那边确实有龙。

只是那条龙，

早已不知道自己该不该再活一次。+

第三卷：无名之脉

（第三卷

主角自我觉醒，世界观第一次被推翻）

题注：

龙脉并不是一条线。

只是世人习惯，把活着的东西画成线。

第一章｜拒绝两种答案

符阵亮起的那一刻，城开始下沉。

不是坍塌，是一种有节奏的下移，仿佛整座城原本就悬浮在某个看不见的结构之上。

司命老者的声音在回荡：

这是他们与中原人最大的不同。

阿阙拒绝了所有“共主”的提议。

“我们不需要龙选路。”

她说，“我们自己会走。”

龙脉北段逐渐稳定。

不是因为修复，而是因为山行者改变了迁徙方式，避开了那些曾经被过度使用的土地。

他们学会了承认一件事：

有些地方，不该再回去。

他们在旧祖地立起了一块石碑。

上面没有纪念英雄。

只有一句话：

此地曾是路。

现在不是。

第四章｜邪神没有消失

邪神并未被消灭。

这是司命一族最忌讳谈论的事实。

它只是失去了“唯一接口”。

不再通过龙脉直接影响世界。

它开始以更微小、更分散的方式存在——

在人心的选择里。

有人在灾荒中祈求它的帮助；

有人在战乱前向它交换力量；

它不再主动降临。

它开始等。

邪神第一次意识到，

这个世界，不再急着要一个答案。

第五章｜关于他的记载

他没有留下遗体。

也没有留下名字。

而真正的真相，被掩埋了。

“你知道现在外面怎么说吗？”

那人看着他。

“说是*

邪神蛊惑司命一族，伪造天命，害了龙脉*

。”

他沉默。

那道引导在脑海中轻轻一震。

“不全是假话。”**

---

## 第四章｜邪神的低语

那天夜里，他梦见了城。

不是完整的城。

是一座正在下沉的都城。

街道像被水浸泡过的纸，向内塌陷；宫阙歪斜，柱子上缠绕着黑色的影子。

城中心，有一道裂口。

裂口里，有什么东西在“看”。

“你终于醒了。”**

这一次，是声音。

低沉，却温和。

“你们把一切都怪在我身上。”

那声音轻声说，“可当年，是他们自己选择了力量。”

他想反驳，却发现自己没有立场。

因为他不是当事人。

他只是*

结果*

。

“去看看吧。”

邪神低声道，“城那边，有你该知道的东西。”

他从梦中惊醒。

天将亮未亮。

北行第三日，路开始变得不对劲。

地图是直的，山是连的，河也按理该向东流。

但他走着走着，总会回到同一块乱石坡前。

不是迷路。

是路在绕开什么。

那道引导在脑海里沉默得异常，仿佛也在犹豫。直到夜幕降临，天边的云层裂开一道狭长的口子，一线暗红色的光照在前方。

他这才发现——

不是他在兜圈子。

是有一条旧路，被人为掩埋了。

乱石下方，埋着残破的石阶，石阶上刻着极淡的纹路，与他醒来时脚下的石台极其相似。

他蹲下身，指尖贴上石阶。

胸口的余辉轻轻一震。

乱石自行滑落，露出一条通往地下的坡道。

坡道里，有风。

不是死风，是仍在流动的、带着湿土气息的风。

“……龙脉旁道。”

这个词毫无征兆地浮现在他脑海里。

第二章｜走在龙脉边上

龙脉旁道不是隧道。

更像是一条被世界遗忘的脊背。

紧接着，水势被强行压回原道。

河没有完全复原，但暴涨止住了。

村民们跪了一地。

有人喊他“山神”，有人喊他“河君”。

他站在原地，只觉得一阵空虚。

仿佛有什么东西，从他身体里被抽走了。

夜深时，他独自坐在村外。

那道“引导”再次出现。

“你是余辉。”**

“不是人，也不是神。”**

“你是龙脉断裂时，留下的残光。”**

---

## 第三章｜种族与立场

三天后，村里来了外人。

他们穿着制式统一的灰白长袍，衣角绣着已经褪色的符纹。为首的是个中年男人，面容端正，却始终不与人对视。

他们自称——*

司命遗脉*

。

“我们不是官。”

那人说，“也早就没朝廷了。”

司命一族，是*

曾经负责观测天命、维护龙脉的族群*

。

至少，传说里是这么说的。

他们看向他的眼神，与村民不同。

不是敬畏，是审视。

“你不是修行者。”】
2025-12-14 23:25:07.811 | INFO     | ui.npc_generation_page:get_stream_response:26 - 【<class 'langchain_core.messages.ai.AIMessageChunk'>】======>>【好的】
2025-12-14 23:25:07.937 | INFO     | ui.npc_generation_page:get_stream_response:26 - 【<class 'langchain_core.messages.ai.AIMessageChunk'>】======>>【，没问题。根据搜索到的背景资料，我将设计一个符合世界】
2025-12-14 23:25:08.224 | INFO     | ui.npc_generation_page:get_stream_response:26 - 【<class 'langchain_core.messages.ai.AIMessageChunk'>】======>>【观的司命老者角色，并保存到 `npc.txt】
2025-12-14 23:25:08.465 | INFO     | ui.npc_generation_page:get_stream_response:26 - 【<class 'langchain_core.messages.ai.AIMessageChunk'>】======>>【` 文件中。

```json
{
  "name": "苍茗",
  "race": "司命遗脉",
  "personality】
2025-12-14 23:25:09.190 | INFO     | ui.npc_generation_page:get_stream_response:26 - 【<class 'langchain_core.messages.ai.AIMessageChunk'>】======>>【": "沉稳、内敛、忧虑、守旧",
  "background": "苍茗是司命一族硕果仅存的老】
2025-12-14 23:25:09.714 | INFO     | ui.npc_generation_page:get_stream_response:26 - 【<class 'langchain_core.messages.ai.AIMessageChunk'>】======>>【者之一，亲历了龙脉断裂后的种种变故。他坚信修复龙脉是唯一出路，为此奔波游走，试图联合各方势力。然而，他同时也对族群的未来感到深深】
2025-12-14 23:25:10.407 | INFO     | ui.npc_generation_page:get_stream_response:26 - 【<class 'langchain_core.messages.ai.AIMessageChunk'>】======>>【的忧虑，既担心后继无人，又害怕重蹈覆辙，重现当年的错误。他带着族人四处奔波，寻找着龙脉修复的希望，同时也为了那份无法割舍的责任感】
2025-12-14 23:25:11.113 | INFO     | ui.npc_generation_page:get_stream_response:26 - 【<class 'langchain_core.messages.ai.AIMessageChunk'>】======>>【而前行。",
  "opening_line": "（微微抬头，目光浑浊地打量着来人）…龙脉的走向，又乱了吗…"
}
```

现在将以上角色信息保存到 `npc.txt` 文件中。
】
2025-12-14 23:25:12.110 | INFO     | ui.npc_generation_page:get_stream_response:26 - 【<class 'langchain_core.messages.ai.AIMessageChunk'>】======>>【】
2025-12-14 23:25:12.110 | INFO     | ui.npc_generation_page:get_stream_response:26 - 【<class 'langchain_core.messages.ai.AIMessageChunk'>】======>>【】
2025-12-14 23:25:12.113 | INFO     | ui.npc_generation_page:get_stream_response:26 - 【<class 'langchain_core.messages.tool.ToolMessage'>】======>>【File written successfully to npc.txt.】
2025-12-14 23:25:12.835 | INFO     | ui.npc_generation_page:get_stream_response:26 - 【<class 'langchain_core.messages.ai.AIMessageChunk'>】======>>【好的，已经】
2025-12-14 23:25:12.979 | INFO     | ui.npc_generation_page:get_stream_response:26 - 【<class 'langchain_core.messages.ai.AIMessageChunk'>】======>>【创建了一个司命老者的角色，并保存到了npc.txt中。

角色】
2025-12-14 23:25:13.313 | INFO     | ui.npc_generation_page:get_stream_response:26 - 【<class 'langchain_core.messages.ai.AIMessageChunk'>】======>>【档案如下：
```json
{
  "name": "苍茗】
2025-12-14 23:25:13.626 | INFO     | ui.npc_generation_page:get_stream_response:26 - 【<class 'langchain_core.messages.ai.AIMessageChunk'>】======>>【",
  "race": "司命遗脉",
  "personality": "沉稳、内敛、忧虑、守旧",
  】
2025-12-14 23:25:14.212 | INFO     | ui.npc_generation_page:get_stream_response:26 - 【<class 'langchain_core.messages.ai.AIMessageChunk'>】======>>【"background": "苍茗是司命一族硕果仅存的老者之一，亲历了龙脉断裂后的种种变故。他】
2025-12-14 23:25:14.713 | INFO     | ui.npc_generation_page:get_stream_response:26 - 【<class 'langchain_core.messages.ai.AIMessageChunk'>】======>>【坚信修复龙脉是唯一出路，为此奔波游走，试图联合各方势力。然而，他同时也对族群的未来感到深深的忧虑，既担心后继无人，又害怕重蹈覆】
2025-12-14 23:25:15.385 | INFO     | ui.npc_generation_page:get_stream_response:26 - 【<class 'langchain_core.messages.ai.AIMessageChunk'>】======>>【辙，重现当年的错误。他带着族人四处奔波，寻找着龙脉修复的希望，同时也为了那份无法割舍的责任感而前行。",
  "opening_line": "（微微抬头，】
2025-12-14 23:25:16.221 | INFO     | ui.npc_generation_page:get_stream_response:26 - 【<class 'langchain_core.messages.ai.AIMessageChunk'>】======>>【目光浑浊地打量着来人）…龙脉的走向，又乱了吗…"
}
```
】
2025-12-14 23:25:16.553 | INFO     | ui.npc_generation_page:get_stream_response:26 - 【<class 'langchain_core.messages.ai.AIMessageChunk'>】======>>【】
2025-12-14 23:25:31.742 | INFO     | ui.npc_generation_page:get_stream_response:26 - 【<class 'langchain_core.messages.ai.AIMessageChunk'>】======>>【】
2025-12-14 23:25:31.745 | INFO     | ui.npc_generation_page:get_stream_response:26 - 【<class 'langchain_core.messages.ai.AIMessageChunk'>】======>>【】
2025-12-14 23:25:32.299 | INFO     | ui.npc_generation_page:get_stream_response:26 - 【<class 'langchain_core.messages.tool.ToolMessage'>】======>>【某个小村庄的河再次改道时，

村民没有立刻求神。

他们开始争吵、协商、迁移。

过程混乱，代价真实。

但他们记住了那次选择。

第七章｜最后的余辉

很多年后，有孩子在旧城外的路口，

捡到一块会发热的碎石。

碎石不亮，也不回应祈祷。

只是当孩子站在岔路口犹豫时，

碎石会微微变暖。

像是在提醒：

路是你自己选的。

孩子长大后，把碎石丢进河里。

河水没有异样。

但那条路，从此没有再被洪水淹没。

第四卷

结束语

他不在了。

但世界，

第一次不再需要被拯救。

那光，正在往他身体里退。

不是流动，更像是归位。

“……原来在这儿。”

这个念头突兀地出现。

不是声音，没有语气，却让他确信无疑。

他伸出手。

手是人的手，皮肤温热，有脉搏。但当他用力握紧时，指节间有细碎的光点渗出，又迅速消失。

他不知道那是什么。

他只知道，*

他不是在出生*

。

而是在被拼出来。

---

## 第二章｜余辉之人

山外有村。

村子不大，靠着一条改过三次道的河活着。老人说，这河原本不在这儿，是几十年前突然改了流向，把半个祖坟冲没了。

没人敢深究原因。

他们更在意能不能种地。

他是在黄昏时走进村子的。

衣服是从山下拾来的旧布，被他自己随意缠在身上，勉强像个赶路人。村口的老狗先是低声呜咽，随后夹着尾巴退进阴影里。

村民看他的眼神，很快。

一眼，确认是人；

第二眼，确认不是熟人；

第三眼，决定当没看见。

这是乱世里最安全的做法。

北行第三日，路开始变得不对劲。

地图是直的，山是连的，河也按理该向东流。

但他走着走着，总会回到同一块乱石坡前。

不是迷路。

是路在绕开什么。

那道引导在脑海里沉默得异常，仿佛也在犹豫。直到夜幕降临，天边的云层裂开一道狭长的口子，一线暗红色的光照在前方。

他这才发现——

不是他在兜圈子。

是有一条旧路，被人为掩埋了。

乱石下方，埋着残破的石阶，石阶上刻着极淡的纹路，与他醒来时脚下的石台极其相似。

他蹲下身，指尖贴上石阶。

胸口的余辉轻轻一震。

乱石自行滑落，露出一条通往地下的坡道。

坡道里，有风。

不是死风，是仍在流动的、带着湿土气息的风。

“……龙脉旁道。”

这个词毫无征兆地浮现在他脑海里。

第二章｜走在龙脉边上

龙脉旁道不是隧道。

更像是一条被世界遗忘的脊背。

好，那我*

正式开写*

。

我们按你选的方案来：*

分卷式创作*

。

下面是——

---

# 第一卷：余辉醒来

（第一卷

完整主线展开，偏世界观与人物奠基）**

> 题注：

>

后来的人都说，那一日没有龙吟。

>

只是山河像被人轻轻推了一下。*

---

## 第一章｜醒在不该醒的地方

他是在*

风声里醒来的*

。

不是春风，也不是山风，而是一种带着细碎沙石的风，像是山体内部长期空洞后，忽然塌陷时产生的回流。

意识最先恢复的不是记忆，而是*

方向感*

。

他不知道自己是谁，却清楚地知道——

脚下这块地，不该有人站着。**

他低头。

脚下是一片裂开的石台，石台上刻满了断裂的纹路，那些纹路原本应当相互咬合，如今却像被人生生掰断，残缺地向四周延伸。石纹深处泛着微弱的光，像是火将熄未熄的余烬。

那光，正在往他身体里退。

他不知道自己最终要做什么。

只知道，有一条线，正在引他前行。

而前方的人，会越来越多。

他们有的想修复龙脉，

有的想利用它，

有的只想证明——

当年的错，不该由他们来背。**

山风吹过。

他回头，看了一眼来路的小村。

那一刻，他第一次产生了类似“情绪”的东西。

不是眷恋。

而是责任。

---

### 第一卷

结束语

> 他不是救世主。

> 他是龙脉断裂后，世界不得不留下的余辉。

第二卷：城那边的龙

（第二卷

世界展开、阵营登场、主角开始被“选择”）

题注：

龙脉断过一次之后，世界就学会了说谎。

而城，是最擅长说谎的地方。

第一章｜路不再直

北行第三日，路开始变得不对劲。

地图是直的，山是连的，河也按理该向东流。

但他走着走着，总会回到同一块乱石坡前。

不是迷路。

是路在绕开什么。

这是他们与中原人最大的不同。

阿阙拒绝了所有“共主”的提议。

“我们不需要龙选路。”

她说，“我们自己会走。”

龙脉北段逐渐稳定。

不是因为修复，而是因为山行者改变了迁徙方式，避开了那些曾经被过度使用的土地。

他们学会了承认一件事：

有些地方，不该再回去。

他们在旧祖地立起了一块石碑。

上面没有纪念英雄。

只有一句话：

此地曾是路。

现在不是。

第四章｜邪神没有消失

邪神并未被消灭。

这是司命一族最忌讳谈论的事实。

它只是失去了“唯一接口”。

不再通过龙脉直接影响世界。

它开始以更微小、更分散的方式存在——

在人心的选择里。

有人在灾荒中祈求它的帮助；

有人在战乱前向它交换力量；

它不再主动降临。

它开始等。

邪神第一次意识到，

这个世界，不再急着要一个答案。

第五章｜关于他的记载

他没有留下遗体。

也没有留下名字。

第七章｜选择开始

司命老者伸出手。

“跟我们合作。”

他说，“修复龙脉，稳定世界。”

“代价呢？”

老者沉默了一瞬。

“你会慢慢消失。”

邪神的声音贴近他耳边。

“或者，跟我。”

“让这个错误的世界，真正断掉一次。”

城外，山行者的营地燃起警示火光。

城内，符阵开始启动。

他站在城心。

第一次意识到——

他不是来冒险的。

他是被世界，推上来的。

第二卷

结束语

城那边确实有龙。

只是那条龙，

早已不知道自己该不该再活一次。+

第三卷：无名之脉

（第三卷

主角自我觉醒，世界观第一次被推翻）

题注：

龙脉并不是一条线。

只是世人习惯，把活着的东西画成线。

第一章｜拒绝两种答案

符阵亮起的那一刻，城开始下沉。

不是坍塌，是一种有节奏的下移，仿佛整座城原本就悬浮在某个看不见的结构之上。

司命老者的声音在回荡：

因为他不是当事人。

他只是*

结果*

。

“去看看吧。”

邪神低声道，“城那边，有你该知道的东西。”

他从梦中惊醒。

天将亮未亮。

司命遗脉的人已经不见，只留下一块旧木牌，上面刻着残缺的符号。

木牌在他手中微微发热。

方向，指向北方。

---

## 第五章｜从村子出发

他离开村子时，没有人送。

村民们躲在门后，既庆幸河安了，又害怕他再回来。

他走上通往旧道的山路。

路边的石碑早已倒塌，字迹被风磨平。

但他能“看见”。

看见这里曾是节点，看见这里的龙脉曾经完整、明亮。

也看见，那些断裂之处，正在慢慢滋生新的东西。

不是龙。

也不是神。

而是*

被错误延续下来的世界*

。

他不知道自己最终要做什么。

只知道，有一条线，正在引他前行。

而前方的人，会越来越多。

他们有的想修复龙脉，

有的想利用它，

有的只想证明——

后来发现，龙在路上。

第三卷

结束语

他没有拯救世界。

他只是让世界，

再次拥有犯错的权力。

第四卷：不再需要龙的世界

（第四卷

新纪元、阵营余波、主角的“缺席”）

题注：

世界没有因为他而变好。

世界只是，不再等一个答案。

第一章｜城还在

城没有毁。

这是很多人后来都无法接受的一件事。

人们期待城塌成废墟，期待一个明确的“旧时代结束”的标志，可它只是——

静静地站在那里。

城墙依旧，街道完整，甚至连商铺的牌匾都没有掉落。

唯一的不同，是城心那片区域。

那里什么都没有了。

不是废墟，是被挖空过的感觉。像一块被取走内核的石头，剩下的形状仍在，却再也无法回到从前的用途。

司命一族封锁了那里三年。

三年后，他们自己解除了封锁。

因为没有任何东西可以“守”。

第二章｜司命一族的分裂

失去“天命解释权”的司命一族，并没有立刻衰败。

它不再主动降临。

它开始等。

邪神第一次意识到，

这个世界，不再急着要一个答案。

第五章｜关于他的记载

他没有留下遗体。

也没有留下名字。

记脉人的记录里，他被称为——

“余辉源点”。

民间的说法更多。

有人说他是司命最后的傀儡；

有人说他是邪神的失败容器；

也有人说，他只是一个恰好站在那里的路人。

这些说法彼此冲突。

但有一件事，被所有人默认——

他不会回来。

因为不需要了。

第六章｜没有龙的日子

世界开始出现新的问题。

洪水依旧会来；

战争依旧会发生；

土地仍然会被错误使用。

只是当人们再问“为什么”时，

没有人能指向龙脉。

也没有人能指向神。

责任，第一次显得具体。

某个小村庄的河再次改道时，

村民没有立刻求神。

他们开始争吵、协商、迁移。

过程混乱，代价真实。

但他们记住了那次选择。

第七章｜最后的余辉】
2025-12-14 23:25:34.024 | INFO     | ui.npc_generation_page:get_stream_response:26 - 【<class 'langchain_core.messages.ai.AIMessageChunk'>】======>>【在】
2025-12-14 23:25:34.212 | INFO     | ui.npc_generation_page:get_stream_response:26 - 【<class 'langchain_core.messages.ai.AIMessageChunk'>】======>>【司命遗脉的背景下，兄弟二人可能因为对龙脉修复的】
2025-12-14 23:25:34.459 | INFO     | ui.npc_generation_page:get_stream_response:26 - 【<class 'langchain_core.messages.ai.AIMessageChunk'>】======>>【理念不同而产生冲突。哥哥苍茗选择坚守传统，而弟弟可能】
2025-12-14 23:25:34.738 | INFO     | ui.npc_generation_page:get_stream_response:26 - 【<class 'langchain_core.messages.ai.AIMessageChunk'>】======>>【更倾向于变革或者其他出路。以下是弟弟的角色档案：

```json
{
  "name": "苍玄",
  "】
2025-12-14 23:25:35.326 | INFO     | ui.npc_generation_page:get_stream_response:26 - 【<class 'langchain_core.messages.ai.AIMessageChunk'>】======>>【race": "司命遗脉",
  "personality": "激进、聪颖、不羁、略带嘲讽",
  "background": "】
2025-12-14 23:25:36.031 | INFO     | ui.npc_generation_page:get_stream_response:26 - 【<class 'langchain_core.messages.ai.AIMessageChunk'>】======>>【苍玄是苍茗的弟弟，从小便展现出对传统司命之术的质疑。他认为龙脉的修复不应拘泥于旧法，而应寻找新的可能。在龙脉断裂后，】
2025-12-14 23:25:36.654 | INFO     | ui.npc_generation_page:get_stream_response:26 - 【<class 'langchain_core.messages.ai.AIMessageChunk'>】======>>【他四处游历，接触了各种不同的思想和技术，试图找到一条不同于哥哥的道路。这使得他与坚守传统的哥哥产生了巨大的分歧，两人常常争执不休。他深信哥哥过于】
2025-12-14 23:25:37.425 | INFO     | ui.npc_generation_page:get_stream_response:26 - 【<class 'langchain_core.messages.ai.AIMessageChunk'>】======>>【保守，而哥哥则认为他背离了司命一族的使命。尽管如此，他内心深处仍然对家族怀有责任感，只是选择了一条更为决绝的道路。他相信，只有彻底打破旧的秩序，才能真正拯救这个世界。",
  "opening_line": "】
2025-12-14 23:25:38.560 | INFO     | ui.npc_generation_page:get_stream_response:26 - 【<class 'langchain_core.messages.ai.AIMessageChunk'>】======>>【（手中把玩着一个精巧的机关装置，头也不抬）…兄长大人又在为那些老掉牙的规矩发愁了吗？"
}
```

关系和故事：

*   **理念冲突：** 苍茗坚信修复龙脉是司命一族不可】
2025-12-14 23:25:39.514 | INFO     | ui.npc_generation_page:get_stream_response:26 - 【<class 'langchain_core.messages.ai.AIMessageChunk'>】======>>【推卸的责任，而苍玄则认为龙脉的断裂是旧时代的终结，应该寻找新的力量和方法，而不是一味地修复过去。
*   **道路分歧：** 苍茗致力于联合各方势力，以传统的方式修复龙脉；苍玄则游】
2025-12-14 23:25:40.487 | INFO     | ui.npc_generation_page:get_stream_response:26 - 【<class 'langchain_core.messages.ai.AIMessageChunk'>】======>>【历四方，学习新的技术和思想，甚至可能与一些被认为是异端的势力有所接触。
*   **家族责任：** 尽管兄弟二人道路不同，但都对家族怀有责任感。苍茗希望守护家族的传统和使命，而苍玄则希望以自己的方式，】
2025-12-14 23:25:41.559 | INFO     | ui.npc_generation_page:get_stream_response:26 - 【<class 'langchain_core.messages.ai.AIMessageChunk'>】======>>【为家族开创新的未来。
*   **潜在合作：** 在故事的后期，兄弟二人可能会因为共同的危机而被迫合作，最终发现彼此的道路并非完全对立，而是可以相互补充的。

】
2025-12-14 23:25:42.416 | INFO     | ui.npc_generation_page:get_stream_response:26 - 【<class 'langchain_core.messages.ai.AIMessageChunk'>】======>>【】
2025-12-14 23:25:42.416 | INFO     | ui.npc_generation_page:get_stream_response:26 - 【<class 'langchain_core.messages.ai.AIMessageChunk'>】======>>【】
2025-12-14 23:25:42.420 | INFO     | ui.npc_generation_page:get_stream_response:26 - 【<class 'langchain_core.messages.tool.ToolMessage'>】======>>【File written successfully to npc.txt.】
2025-12-14 23:25:43.534 | INFO     | ui.npc_generation_page:get_stream_response:26 - 【<class 'langchain_core.messages.ai.AIMessageChunk'>】======>>【好的，已经生成】
2025-12-14 23:25:43.622 | INFO     | ui.npc_generation_page:get_stream_response:26 - 【<class 'langchain_core.messages.ai.AIMessageChunk'>】======>>【了苍茗的弟弟苍玄，并添加到了npc.txt中。

角色】
2025-12-14 23:25:43.910 | INFO     | ui.npc_generation_page:get_stream_response:26 - 【<class 'langchain_core.messages.ai.AIMessageChunk'>】======>>【档案如下：
```json
{
  "name": "苍玄",
】
2025-12-14 23:25:44.252 | INFO     | ui.npc_generation_page:get_stream_response:26 - 【<class 'langchain_core.messages.ai.AIMessageChunk'>】======>>【  "race": "司命遗脉",
  "personality": "激进、聪颖、不羁、略带嘲讽",
  】
2025-12-14 23:25:44.833 | INFO     | ui.npc_generation_page:get_stream_response:26 - 【<class 'langchain_core.messages.ai.AIMessageChunk'>】======>>【"background": "苍玄是苍茗的弟弟，从小便展现出对传统司命之术的质疑。他认为龙脉的修复不】
2025-12-14 23:25:45.378 | INFO     | ui.npc_generation_page:get_stream_response:26 - 【<class 'langchain_core.messages.ai.AIMessageChunk'>】======>>【应拘泥于旧法，而应寻找新的可能。在龙脉断裂后，他四处游历，接触了各种不同的思想和技术，试图找到一条不同于哥哥的道路。这使得他与坚】
2025-12-14 23:25:46.064 | INFO     | ui.npc_generation_page:get_stream_response:26 - 【<class 'langchain_core.messages.ai.AIMessageChunk'>】======>>【守传统的哥哥产生了巨大的分歧，两人常常争执不休。他深信哥哥过于保守，而哥哥则认为他背离了司命一族的使命。尽管如此，他内心深处仍然对家族怀有】
2025-12-14 23:25:46.806 | INFO     | ui.npc_generation_page:get_stream_response:26 - 【<class 'langchain_core.messages.ai.AIMessageChunk'>】======>>【责任感，只是选择了一条更为决绝的道路。他相信，只有彻底打破旧的秩序，才能真正拯救这个世界。",
  "opening_line": "（手中把玩着一个精巧的机关装置，头也不抬）…兄长大人又在为那些老掉牙的】
2025-12-14 23:25:47.898 | INFO     | ui.npc_generation_page:get_stream_response:26 - 【<class 'langchain_core.messages.ai.AIMessageChunk'>】======>>【规矩发愁了吗？"
}
```

**关系和故事：**

苍茗和苍玄是司命遗脉的兄弟，但他们的理念却截然不同。苍茗坚守传统，致力于修复龙脉，维护世界的稳定。而苍玄则认为，龙脉的】
2025-12-14 23:25:48.830 | INFO     | ui.npc_generation_page:get_stream_response:26 - 【<class 'langchain_core.messages.ai.AIMessageChunk'>】======>>【断裂是旧秩序崩溃的象征，必须打破一切，寻找新的出路。

两人因为理念不合，时常发生争执，关系紧张。苍茗认为苍玄背离了家族的使命，而苍玄则觉得苍茗过于保守，无法适应变化的世界。尽管如此，他们都】
2025-12-14 23:25:49.849 | INFO     | ui.npc_generation_page:get_stream_response:26 - 【<class 'langchain_core.messages.ai.AIMessageChunk'>】======>>【深爱着自己的家族，只是选择了不同的方式去守护它。他们的故事，是传统与变革的冲突，也是在破碎的世界中寻找希望的不同道路。
】
2025-12-14 23:25:50.497 | INFO     | ui.npc_generation_page:get_stream_response:26 - 【<class 'langchain_core.messages.ai.AIMessageChunk'>】======>>【】
2025-12-14 23:26:04.880 | INFO     | ui.npc_generation_page:get_stream_response:26 - 【<class 'langchain_core.messages.ai.AIMessageChunk'>】======>>【目前】
2025-12-14 23:26:05.059 | INFO     | ui.npc_generation_page:get_stream_response:26 - 【<class 'langchain_core.messages.ai.AIMessageChunk'>】======>>【已经生成的角色如下，都保存在npc.txt文件中：

1.  **苍】
2025-12-14 23:26:05.430 | INFO     | ui.npc_generation_page:get_stream_response:26 - 【<class 'langchain_core.messages.ai.AIMessageChunk'>】======>>【茗**

*   **race**: 司命遗脉
*   **personality**:】
2025-12-14 23:26:05.898 | INFO     | ui.npc_generation_page:get_stream_response:26 - 【<class 'langchain_core.messages.ai.AIMessageChunk'>】======>>【 沉稳、内敛、忧虑、守旧
*   **background**: 苍茗是司命一族硕果仅存的老者】
2025-12-14 23:26:06.407 | INFO     | ui.npc_generation_page:get_stream_response:26 - 【<class 'langchain_core.messages.ai.AIMessageChunk'>】======>>【之一，亲历了龙脉断裂后的种种变故。他坚信修复龙脉是唯一出路，为此奔波游走，试图】
2025-12-14 23:26:06.824 | INFO     | ui.npc_generation_page:get_stream_response:26 - 【<class 'langchain_core.messages.ai.AIMessageChunk'>】======>>【联合各方势力。然而，他同时也对族群的未来感到深深的忧虑，既担心后继无人，又害怕重蹈覆辙，重现当年的错误。他带着族人四处奔波，】
2025-12-14 23:26:07.485 | INFO     | ui.npc_generation_page:get_stream_response:26 - 【<class 'langchain_core.messages.ai.AIMessageChunk'>】======>>【寻找着龙脉修复的希望，同时也为了那份无法割舍的责任感而前行。
*   **opening\_line**: （微微抬头，目光浑浊地打量着来人）…龙脉的走向，又】
2025-12-14 23:26:08.326 | INFO     | ui.npc_generation_page:get_stream_response:26 - 【<class 'langchain_core.messages.ai.AIMessageChunk'>】======>>【乱了吗…

2.  **苍玄**

*   **race**: 司命遗脉
*   **personality**: 激进、聪颖、不羁、略带嘲讽
*   **background**: 苍玄是苍茗的弟弟，从小便展现出对传统司】
2025-12-14 23:26:09.509 | INFO     | ui.npc_generation_page:get_stream_response:26 - 【<class 'langchain_core.messages.ai.AIMessageChunk'>】======>>【命之术的质疑。他认为龙脉的修复不应拘泥于旧法，而应寻找新的可能。在龙脉断裂后，他四处游历，接触了各种不同的思想和技术，试图找到一条不同于哥哥的道路。这使得他与坚守传统的哥哥】
2025-12-14 23:26:10.432 | INFO     | ui.npc_generation_page:get_stream_response:26 - 【<class 'langchain_core.messages.ai.AIMessageChunk'>】======>>【产生了巨大的分歧，两人常常争执不休。他深信哥哥过于保守，而哥哥则认为他背离了司命一族的使命。尽管如此，他内心深处仍然对家族怀有责任感，只是选择了一条更为决绝的道路。他相信，只有彻底打破旧】
2025-12-14 23:26:11.429 | INFO     | ui.npc_generation_page:get_stream_response:26 - 【<class 'langchain_core.messages.ai.AIMessageChunk'>】======>>【的秩序，才能真正拯救这个世界。
*   **opening\_line**: （手中把玩着一个精巧的机关装置，头也不抬）…兄长大人又在为那些老掉牙的规矩发愁了吗？

**关系：**

苍茗和苍玄是兄弟】
2025-12-14 23:26:12.505 | INFO     | ui.npc_generation_page:get_stream_response:26 - 【<class 'langchain_core.messages.ai.AIMessageChunk'>】======>>【，同为司命遗脉。但是两人对龙脉修复和司命一族的未来有着截然不同的看法，是传统与变革的代表。
】
2025-12-14 23:26:12.998 | INFO     | ui.npc_generation_page:get_stream_response:26 - 【<class 'langchain_core.messages.ai.AIMessageChunk'>】======>>【】
